data,codigo,simbolo,tipo,compra,venda
2012023,220,A,USD,"5,343","5,3436"
3012023,220,A,USD,"5,3753","5,3759"
4012023,220,A,USD,"5,4453","5,4459"
5012023,220,A,USD,"5,402","5,4026"
6012023,220,A,USD,"5,2849","5,2855"
9012023,220,A,USD,"5,2961","5,2967"
10012023,220,A,USD,"5,2389","5,2395"
11012023,220,A,USD,"5,2014","5,202"
12012023,220,A,USD,"5,1394","5,14"
13012023,220,A,USD,"5,114","5,1146"
16012023,220,A,USD,"5,1109","5,1115"
17012023,220,A,USD,"5,1197","5,1203"
18012023,220,A,USD,"5,0903","5,0909"
19012023,220,A,USD,"5,2138","5,2144"
20012023,220,A,USD,"5,198","5,1986"
23012023,220,A,USD,"5,1916","5,1922"
24012023,220,A,USD,"5,169","5,1696"
25012023,220,A,USD,"5,1036","5,1042"
26012023,220,A,USD,"5,0945","5,0951"
27012023,220,A,USD,"5,0761","5,0767"
30012023,220,A,USD,"5,0953","5,0959"
31012023,220,A,USD,"5,0987","5,0993"
1022023,220,A,USD,"5,0715","5,0721"
2022023,220,A,USD,"4,9895","4,9901"
3022023,220,A,USD,"5,1024","5,103"
6022023,220,A,USD,"5,1757","5,1763"
7022023,220,A,USD,"5,1689","5,1695"
8022023,220,A,USD,"5,203","5,2036"
9022023,220,A,USD,"5,2309","5,2315"
10022023,220,A,USD,"5,252","5,2526"
13022023,220,A,USD,"5,1828","5,1834"
14022023,220,A,USD,"5,1501","5,1507"
15022023,220,A,USD,"5,2237","5,2243"
16022023,220,A,USD,"5,2426","5,2432"
17022023,220,A,USD,"5,2006","5,2012"
22022023,220,A,USD,"5,1724","5,173"
23022023,220,A,USD,"5,1324","5,133"
24022023,220,A,USD,"5,1785","5,1791"
27022023,220,A,USD,"5,1954","5,196"
28022023,220,A,USD,"5,2072","5,2078"
1032023,220,A,USD,"5,2064","5,207"
2032023,220,A,USD,"5,2074","5,208"
3032023,220,A,USD,"5,2031","5,2037"
6032023,220,A,USD,"5,1964","5,197"
7032023,220,A,USD,"5,1895","5,1901"
8032023,220,A,USD,"5,1381","5,1387"
9032023,220,A,USD,"5,1347","5,1353"
10032023,220,A,USD,"5,1816","5,1822"
13032023,220,A,USD,"5,2394","5,24"
14032023,220,A,USD,"5,2356","5,2362"
15032023,220,A,USD,"5,2975","5,2981"
16032023,220,A,USD,"5,2886","5,2892"
17032023,220,A,USD,"5,2673","5,2679"
20032023,220,A,USD,"5,2461","5,2467"
21032023,220,A,USD,"5,2438","5,2444"
22032023,220,A,USD,"5,2642","5,2648"
23032023,220,A,USD,"5,2626","5,2632"
24032023,220,A,USD,"5,2915","5,2921"
27032023,220,A,USD,"5,23","5,2306"
28032023,220,A,USD,"5,1727","5,1733"
29032023,220,A,USD,"5,1487","5,1493"
30032023,220,A,USD,"5,1248","5,1254"
31032023,220,A,USD,"5,0798","5,0804"
3042023,220,A,USD,"5,0631","5,0637"
4042023,220,A,USD,"5,0756","5,0762"
5042023,220,A,USD,"5,0441","5,0447"
6042023,220,A,USD,"5,0677","5,0683"
10042023,220,A,USD,"5,0828","5,0834"
11042023,220,A,USD,"5,0122","5,0128"
12042023,220,A,USD,"4,949","4,9496"
13042023,220,A,USD,"4,9091","4,9097"
14042023,220,A,USD,"4,9449","4,9455"
17042023,220,A,USD,"4,9415","4,9421"
18042023,220,A,USD,"4,9672","4,9678"
19042023,220,A,USD,"5,0461","5,0467"
20042023,220,A,USD,"5,0491","5,0497"
24042023,220,A,USD,"5,0589","5,0595"
25042023,220,A,USD,"5,0607","5,0613"
26042023,220,A,USD,"5,0579","5,0585"
27042023,220,A,USD,"5,0144","5,015"
28042023,220,A,USD,"5,0001","5,0007"
2052023,220,A,USD,"5,0329","5,0334"
3052023,220,A,USD,"5,0221","5,0227"
4052023,220,A,USD,"5,01","5,0106"
5052023,220,A,USD,"4,969","4,9696"
8052023,220,A,USD,"4,969","4,9696"
9052023,220,A,USD,"5,0001","5,0007"
10052023,220,A,USD,"4,9541","4,9547"
11052023,220,A,USD,"4,969","4,9696"
12052023,220,A,USD,"4,9228","4,9234"
15052023,220,A,USD,"4,9097","4,9103"
16052023,220,A,USD,"4,9116","4,9122"
17052023,220,A,USD,"4,9507","4,9513"
18052023,220,A,USD,"4,9641","4,9647"
19052023,220,A,USD,"4,9852","4,9858"
22052023,220,A,USD,"4,9674","4,968"
23052023,220,A,USD,"4,9668","4,9674"
24052023,220,A,USD,"4,9468","4,9474"
25052023,220,A,USD,"4,9984","4,999"
26052023,220,A,USD,"5,0108","5,0114"
29052023,220,A,USD,"4,9948","4,9954"
30052023,220,A,USD,"5,0587","5,0593"
31052023,220,A,USD,"5,0953","5,0959"
1062023,220,A,USD,"5,0344","5,035"
2062023,220,A,USD,"4,9552","4,9558"
5062023,220,A,USD,"4,923","4,9236"
6062023,220,A,USD,"4,9286","4,9292"
7062023,220,A,USD,"4,9113","4,9119"
9062023,220,A,USD,"4,8916","4,8922"
12062023,220,A,USD,"4,8826","4,8832"
13062023,220,A,USD,"4,8527","4,8533"
14062023,220,A,USD,"4,8456","4,8462"
15062023,220,A,USD,"4,8216","4,8222"
16062023,220,A,USD,"4,828","4,8286"
19062023,220,A,USD,"4,7797","4,7803"
20062023,220,A,USD,"4,7924","4,793"
21062023,220,A,USD,"4,7789","4,7795"
22062023,220,A,USD,"4,7744","4,775"
23062023,220,A,USD,"4,7793","4,7799"
26062023,220,A,USD,"4,7692","4,7698"
27062023,220,A,USD,"4,7897","4,7903"
28062023,220,A,USD,"4,8557","4,8563"
29062023,220,A,USD,"4,8578","4,8584"
30062023,220,A,USD,"4,8186","4,8192"
3072023,220,A,USD,"4,787","4,7876"
4072023,220,A,USD,"4,805","4,8056"
5072023,220,A,USD,"4,8571","4,8577"
6072023,220,A,USD,"4,8971","4,8977"
7072023,220,A,USD,"4,8793","4,8799"
10072023,220,A,USD,"4,8729","4,8735"
11072023,220,A,USD,"4,8943","4,8949"
12072023,220,A,USD,"4,8052","4,8058"
13072023,220,A,USD,"4,8032","4,8038"
14072023,220,A,USD,"4,7951","4,7957"
17072023,220,A,USD,"4,8296","4,8302"
18072023,220,A,USD,"4,8034","4,804"
19072023,220,A,USD,"4,7994","4,8"
20072023,220,A,USD,"4,7882","4,7888"
21072023,220,A,USD,"4,7726","4,7732"
24072023,220,A,USD,"4,7451","4,7457"
25072023,220,A,USD,"4,749","4,7496"
26072023,220,A,USD,"4,7362","4,7368"
27072023,220,A,USD,"4,7196","4,7202"
28072023,220,A,USD,"4,7247","4,7253"
31072023,220,A,USD,"4,7409","4,7415"
1082023,220,A,USD,"4,7746","4,7752"
2082023,220,A,USD,"4,8077","4,8083"
3082023,220,A,USD,"4,8791","4,8797"
4082023,220,A,USD,"4,8603","4,8609"
7082023,220,A,USD,"4,9004","4,901"
8082023,220,A,USD,"4,9211","4,9217"
9082023,220,A,USD,"4,9009","4,9015"
10082023,220,A,USD,"4,8512","4,8518"
11082023,220,A,USD,"4,8912","4,8918"
14082023,220,A,USD,"4,9475","4,9481"
15082023,220,A,USD,"4,9806","4,9812"
16082023,220,A,USD,"4,9765","4,9772"
17082023,220,A,USD,"4,981","4,9816"
18082023,220,A,USD,"4,9718","4,9724"
21082023,220,A,USD,"4,9841","4,9847"
22082023,220,A,USD,"4,9425","4,9431"
23082023,220,A,USD,"4,8971","4,8977"
24082023,220,A,USD,"4,8742","4,8748"
25082023,220,A,USD,"4,8766","4,8772"
28082023,220,A,USD,"4,8933","4,8938"
29082023,220,A,USD,"4,87","4,8706"
30082023,220,A,USD,"4,8647","4,8653"
31082023,220,A,USD,"4,9213","4,9219"
1092023,220,A,USD,"4,9312","4,9318"
4092023,220,A,USD,"4,917","4,9176"
5092023,220,A,USD,"4,9699","4,9705"
6092023,220,A,USD,"4,9756","4,9762"
8092023,220,A,USD,"4,9829","4,9835"
11092023,220,A,USD,"4,936","4,9366"
12092023,220,A,USD,"4,9499","4,9505"
13092023,220,A,USD,"4,9165","4,9171"
14092023,220,A,USD,"4,8745","4,8751"
15092023,220,A,USD,"4,8683","4,8689"
18092023,220,A,USD,"4,8529","4,8535"
19092023,220,A,USD,"4,8569","4,8575"
20092023,220,A,USD,"4,8481","4,8487"
21092023,220,A,USD,"4,9223","4,9229"
22092023,220,A,USD,"4,9125","4,9131"
25092023,220,A,USD,"4,96","4,9606"
26092023,220,A,USD,"4,9711","4,9717"
27092023,220,A,USD,"5,0283","5,0289"
28092023,220,A,USD,"5,0469","5,0475"
29092023,220,A,USD,"5,007","5,0076"
2102023,220,A,USD,"5,0673","5,0679"
3102023,220,A,USD,"5,1094","5,11"
4102023,220,A,USD,"5,152","5,1526"
5102023,220,A,USD,"5,1707","5,1713"
6102023,220,A,USD,"5,1912","5,1918"
9102023,220,A,USD,"5,166","5,1666"
10102023,220,A,USD,"5,0856","5,0862"
11102023,220,A,USD,"5,049","5,0496"
13102023,220,A,USD,"5,0619","5,0625"
16102023,220,A,USD,"5,0612","5,0618"
17102023,220,A,USD,"5,0378","5,0384"
18102023,220,A,USD,"5,0562","5,0568"
19102023,220,A,USD,"5,0534","5,054"
20102023,220,A,USD,"5,0522","5,0528"
23102023,220,A,USD,"5,0158","5,0164"
24102023,220,A,USD,"5,0059","5,0065"
25102023,220,A,USD,"4,9975","4,9981"
26102023,220,A,USD,"5,0049","5,0055"
27102023,220,A,USD,"4,9474","4,948"
30102023,220,A,USD,"5,0068","5,0074"
31102023,220,A,USD,"5,0569","5,0575"
1112023,220,A,USD,"5,0188","5,0194"
3112023,220,A,USD,"4,8904","4,891"
6112023,220,A,USD,"4,8993","4,8999"
7112023,220,A,USD,"4,8664","4,867"
8112023,220,A,USD,"4,8849","4,8855"
9112023,220,A,USD,"4,9001","4,9007"
10112023,220,A,USD,"4,9213","4,9219"
13112023,220,A,USD,"4,924","4,9247"
14112023,220,A,USD,"4,8676","4,8682"
16112023,220,A,USD,"4,8569","4,8575"
17112023,220,A,USD,"4,8843","4,8849"
20112023,220,A,USD,"4,8717","4,8723"
21112023,220,A,USD,"4,88","4,8806"
22112023,220,A,USD,"4,8962","4,8968"
23112023,220,A,USD,"4,8925","4,8931"
24112023,220,A,USD,"4,8921","4,8927"
27112023,220,A,USD,"4,8945","4,8951"
28112023,220,A,USD,"4,8861","4,8867"
29112023,220,A,USD,"4,8927","4,8933"
30112023,220,A,USD,"4,9349","4,9355"
1122023,220,A,USD,"4,9185","4,9191"
4122023,220,A,USD,"4,9085","4,9091"
5122023,220,A,USD,"4,9516","4,9522"
6122023,220,A,USD,"4,9025","4,9031"
7122023,220,A,USD,"4,8943","4,8949"
8122023,220,A,USD,"4,9152","4,9158"
11122023,220,A,USD,"4,9434","4,944"
12122023,220,A,USD,"4,947","4,9476"
13122023,220,A,USD,"4,9573","4,958"
14122023,220,A,USD,"4,8906","4,8912"
15122023,220,A,USD,"4,9391","4,9397"
18122023,220,A,USD,"4,9393","4,9399"
19122023,220,A,USD,"4,8657","4,8663"
20122023,220,A,USD,"4,876","4,8766"
21122023,220,A,USD,"4,8749","4,8755"
22122023,220,A,USD,"4,8613","4,8619"
26122023,220,A,USD,"4,8362","4,8368"
27122023,220,A,USD,"4,83","4,8306"
28122023,220,A,USD,"4,8407","4,8413"
29122023,220,A,USD,"4,8407","4,8413"
2012024,220,A,USD,"4,891","4,8916"
3012024,220,A,USD,"4,9206","4,9212"
4012024,220,A,USD,"4,9182","4,9188"
5012024,220,A,USD,"4,8893","4,8899"
8012024,220,A,USD,"4,8844","4,885"
9012024,220,A,USD,"4,8931","4,8937"
10012024,220,A,USD,"4,8895","4,8901"
11012024,220,A,USD,"4,8788","4,8794"
12012024,220,A,USD,"4,8537","4,8543"
15012024,220,A,USD,"4,8759","4,8765"
16012024,220,A,USD,"4,9032","4,9038"
17012024,220,A,USD,"4,934","4,9346"
18012024,220,A,USD,"4,9397","4,9403"
19012024,220,A,USD,"4,9217","4,9223"
22012024,220,A,USD,"4,9484","4,949"
23012024,220,A,USD,"4,9709","4,9715"
24012024,220,A,USD,"4,9186","4,9192"
25012024,220,A,USD,"4,9226","4,9232"
26012024,220,A,USD,"4,9119","4,9125"
29012024,220,A,USD,"4,9219","4,9225"
30012024,220,A,USD,"4,9632","4,9638"
31012024,220,A,USD,"4,9529","4,9535"
1022024,220,A,USD,"4,9344","4,935"
2022024,220,A,USD,"4,9465","4,9471"
5022024,220,A,USD,"5,0047","5,0053"
6022024,220,A,USD,"4,9681","4,9687"
7022024,220,A,USD,"4,9602","4,9608"
8022024,220,A,USD,"4,9798","4,9804"
9022024,220,A,USD,"4,9711","4,9717"
14022024,220,A,USD,"4,9717","4,9723"
15022024,220,A,USD,"4,9704","4,971"
16022024,220,A,USD,"4,9755","4,9761"
19022024,220,A,USD,"4,9579","4,9585"
20022024,220,A,USD,"4,9402","4,9408"
21022024,220,A,USD,"4,9297","4,9303"
22022024,220,A,USD,"4,9413","4,9419"
23022024,220,A,USD,"4,9845","4,9851"
26022024,220,A,USD,"4,9813","4,9819"
27022024,220,A,USD,"4,9569","4,9575"
28022024,220,A,USD,"4,9551","4,9557"
29022024,220,A,USD,"4,9827","4,9833"
1032024,220,A,USD,"4,959","4,9596"
4032024,220,A,USD,"4,9469","4,9475"
5032024,220,A,USD,"4,9482","4,9488"
6032024,220,A,USD,"4,9392","4,9398"
7032024,220,A,USD,"4,9358","4,9364"
8032024,220,A,USD,"4,9745","4,9751"
11032024,220,A,USD,"4,9771","4,9777"
12032024,220,A,USD,"4,9807","4,9813"
13032024,220,A,USD,"4,9797","4,9803"
14032024,220,A,USD,"4,9762","4,9768"
15032024,220,A,USD,"4,9931","4,9937"
18032024,220,A,USD,"5,0118","5,0124"
19032024,220,A,USD,"5,0346","5,0352"
20032024,220,A,USD,"5,0114","5,012"
21032024,220,A,USD,"4,9801","4,9807"
22032024,220,A,USD,"4,9891","4,9897"
25032024,220,A,USD,"4,9863","4,9869"
26032024,220,A,USD,"4,9864","4,987"
27032024,220,A,USD,"4,985","4,9856"
28032024,220,A,USD,"4,9956","4,9962"
1042024,220,A,USD,"5,0526","5,0532"
2042024,220,A,USD,"5,0469","5,0476"
3042024,220,A,USD,"5,0718","5,0724"
4042024,220,A,USD,"5,0231","5,0237"
5042024,220,A,USD,"5,0514","5,052"
8042024,220,A,USD,"5,0415","5,0421"
9042024,220,A,USD,"5,0074","5,008"
10042024,220,A,USD,"5,0648","5,0654"
11042024,220,A,USD,"5,0759","5,0765"
12042024,220,A,USD,"5,1358","5,1364"
15042024,220,A,USD,"5,174","5,1746"
16042024,220,A,USD,"5,2628","5,2635"
17042024,220,A,USD,"5,2463","5,2469"
18042024,220,A,USD,"5,2506","5,2512"
19042024,220,A,USD,"5,2263","5,2269"
22042024,220,A,USD,"5,2037","5,2043"
23042024,220,A,USD,"5,162","5,1626"
24042024,220,A,USD,"5,1586","5,1592"
25042024,220,A,USD,"5,1673","5,1679"
26042024,220,A,USD,"5,1178","5,1184"
29042024,220,A,USD,"5,1149","5,1155"
30042024,220,A,USD,"5,1712","5,1718"
2052024,220,A,USD,"5,1178","5,1184"
3052024,220,A,USD,"5,0662","5,0668"
6052024,220,A,USD,"5,0721","5,0727"
7052024,220,A,USD,"5,0604","5,061"
8052024,220,A,USD,"5,0881","5,0887"
9052024,220,A,USD,"5,1571","5,1577"
10052024,220,A,USD,"5,1458","5,1464"
13052024,220,A,USD,"5,1406","5,1412"
14052024,220,A,USD,"5,135","5,1356"
15052024,220,A,USD,"5,1417","5,1423"
16052024,220,A,USD,"5,1264","5,127"
17052024,220,A,USD,"5,1151","5,1157"
20052024,220,A,USD,"5,1079","5,1085"
21052024,220,A,USD,"5,1031","5,1037"
22052024,220,A,USD,"5,1496","5,1502"
23052024,220,A,USD,"5,1437","5,1443"
24052024,220,A,USD,"5,1502","5,1508"
27052024,220,A,USD,"5,1698","5,1704"
28052024,220,A,USD,"5,1532","5,1538"
29052024,220,A,USD,"5,1966","5,1972"
31052024,220,A,USD,"5,241","5,2416"
3062024,220,A,USD,"5,2367","5,2373"
4062024,220,A,USD,"5,2681","5,2687"
5062024,220,A,USD,"5,2835","5,2841"
6062024,220,A,USD,"5,2675","5,2681"
7062024,220,A,USD,"5,2796","5,2802"
10062024,220,A,USD,"5,366","5,3666"
11062024,220,A,USD,"5,3519","5,3524"
12062024,220,A,USD,"5,3885","5,3891"
13062024,220,A,USD,"5,3968","5,3974"
14062024,220,A,USD,"5,3624","5,363"
17062024,220,A,USD,"5,4124","5,413"
18062024,220,A,USD,"5,4068","5,4074"
19062024,220,A,USD,"5,4641","5,4647"
20062024,220,A,USD,"5,4248","5,4254"
21062024,220,A,USD,"5,441","5,4416"
24062024,220,A,USD,"5,3994","5,4"
25062024,220,A,USD,"5,4283","5,429"
26062024,220,A,USD,"5,5091","5,5097"
27062024,220,A,USD,"5,5223","5,5229"
28062024,220,A,USD,"5,5583","5,5589"
1072024,220,A,USD,"5,5887","5,5893"
2072024,220,A,USD,"5,6671","5,6677"
3072024,220,A,USD,"5,5857","5,5863"
4072024,220,A,USD,"5,4833","5,4839"
5072024,220,A,USD,"5,4964","5,497"
8072024,220,A,USD,"5,4714","5,472"
9072024,220,A,USD,"5,4381","5,4387"
10072024,220,A,USD,"5,3961","5,3967"
11072024,220,A,USD,"5,4094","5,41"
12072024,220,A,USD,"5,4523","5,4529"
15072024,220,A,USD,"5,4557","5,4563"
16072024,220,A,USD,"5,4268","5,4274"
17072024,220,A,USD,"5,4664","5,467"
18072024,220,A,USD,"5,542","5,5426"
19072024,220,A,USD,"5,5537","5,5543"
22072024,220,A,USD,"5,5592","5,5598"
23072024,220,A,USD,"5,5801","5,5807"
24072024,220,A,USD,"5,634","5,6346"
25072024,220,A,USD,"5,6396","5,6402"
26072024,220,A,USD,"5,6459","5,6465"
29072024,220,A,USD,"5,6473","5,6479"
30072024,220,A,USD,"5,6526","5,6532"
31072024,220,A,USD,"5,6615","5,6621"
1082024,220,A,USD,"5,6675","5,6681"
2082024,220,A,USD,"5,736","5,7366"
5082024,220,A,USD,"5,764","5,7646"
6082024,220,A,USD,"5,6522","5,6528"
7082024,220,A,USD,"5,6087","5,6093"
8082024,220,A,USD,"5,6166","5,6172"
9082024,220,A,USD,"5,5109","5,5115"
12082024,220,A,USD,"5,4905","5,4911"
13082024,220,A,USD,"5,4869","5,4875"
14082024,220,A,USD,"5,4496","5,4502"
15082024,220,A,USD,"5,4645","5,4651"
16082024,220,A,USD,"5,4626","5,4632"
19082024,220,A,USD,"5,4231","5,4237"
20082024,220,A,USD,"5,4541","5,4547"
21082024,220,A,USD,"5,4701","5,4707"
22082024,220,A,USD,"5,5518","5,5524"
23082024,220,A,USD,"5,5257","5,5263"
26082024,220,A,USD,"5,4915","5,4921"
27082024,220,A,USD,"5,4963","5,4969"
28082024,220,A,USD,"5,5309","5,5315"
29082024,220,A,USD,"5,6352","5,6358"
30082024,220,A,USD,"5,6556","5,6562"
2092024,220,A,USD,"5,6224","5,623"
3092024,220,A,USD,"5,6218","5,6224"
4092024,220,A,USD,"5,6353","5,6359"
5092024,220,A,USD,"5,6043","5,6049"
6092024,220,A,USD,"5,5696","5,5702"
9092024,220,A,USD,"5,6091","5,6097"
10092024,220,A,USD,"5,6248","5,6254"
11092024,220,A,USD,"5,6381","5,6387"
12092024,220,A,USD,"5,6548","5,6554"
13092024,220,A,USD,"5,5711","5,5717"
16092024,220,A,USD,"5,5201","5,5207"
17092024,220,A,USD,"5,5004","5,501"
18092024,220,A,USD,"5,4761","5,4767"
19092024,220,A,USD,"5,4183","5,4189"
20092024,220,A,USD,"5,4769","5,4775"
23092024,220,A,USD,"5,544","5,5446"
24092024,220,A,USD,"5,4696","5,4702"
25092024,220,A,USD,"5,473","5,4736"
26092024,220,A,USD,"5,4406","5,4412"
27092024,220,A,USD,"5,4425","5,4431"
30092024,220,A,USD,"5,4475","5,4481"
1102024,220,A,USD,"5,4515","5,4521"
2102024,220,A,USD,"5,4299","5,4305"
3102024,220,A,USD,"5,4844","5,485"
4102024,220,A,USD,"5,468","5,4686"
7102024,220,A,USD,"5,462","5,4626"
8102024,220,A,USD,"5,5191","5,5197"
9102024,220,A,USD,"5,5731","5,5737"
10102024,220,A,USD,"5,5813","5,5819"
11102024,220,A,USD,"5,6257","5,6263"
14102024,220,A,USD,"5,6039","5,6045"
15102024,220,A,USD,"5,6372","5,6378"
16102024,220,A,USD,"5,6743","5,6749"
17102024,220,A,USD,"5,6752","5,6758"
18102024,220,A,USD,"5,6666","5,6672"
21102024,220,A,USD,"5,7062","5,7068"
22102024,220,A,USD,"5,6952","5,6958"
23102024,220,A,USD,"5,7143","5,7149"
24102024,220,A,USD,"5,7081","5,7087"
25102024,220,A,USD,"5,6963","5,6969"
28102024,220,A,USD,"5,6982","5,6988"
29102024,220,A,USD,"5,7134","5,714"
30102024,220,A,USD,"5,7795","5,7801"
31102024,220,A,USD,"5,7773","5,7779"
1112024,220,A,USD,"5,8067","5,8073"
4112024,220,A,USD,"5,7892","5,7898"
5112024,220,A,USD,"5,784","5,7846"
6112024,220,A,USD,"5,7642","5,7648"
7112024,220,A,USD,"5,6618","5,6624"
8112024,220,A,USD,"5,7642","5,7648"
11112024,220,A,USD,"5,7974","5,798"
12112024,220,A,USD,"5,7688","5,7694"
13112024,220,A,USD,"5,7707","5,7713"
14112024,220,A,USD,"5,7879","5,7885"
18112024,220,A,USD,"5,7597","5,7603"
19112024,220,A,USD,"5,7737","5,7743"
21112024,220,A,USD,"5,8167","5,8173"
22112024,220,A,USD,"5,8118","5,8124"
25112024,220,A,USD,"5,7996","5,8002"
26112024,220,A,USD,"5,7984","5,799"
27112024,220,A,USD,"5,8285","5,8291"
28112024,220,A,USD,"5,9865","5,9871"
29112024,220,A,USD,"6,0529","6,0535"
2122024,220,A,USD,"6,0628","6,0634"
3122024,220,A,USD,"6,0701","6,0707"
4122024,220,A,USD,"6,0575","6,0581"
5122024,220,A,USD,"5,9843","5,9849"
6122024,220,A,USD,"6,0287","6,0293"
9122024,220,A,USD,"6,0564","6,057"
10122024,220,A,USD,"6,0523","6,0529"
11122024,220,A,USD,"6,0314","6,032"
12122024,220,A,USD,"5,9402","5,9408"
13122024,220,A,USD,"6,0394","6,04"
16122024,220,A,USD,"6,0504","6,0509"
17122024,220,A,USD,"6,1679","6,1685"
18122024,220,A,USD,"6,1618","6,1624"
19122024,220,A,USD,"6,1835","6,1841"
20122024,220,A,USD,"6,0774","6,078"
23122024,220,A,USD,"6,1606","6,1612"
24122024,220,A,USD,"6,1527","6,1541"
26122024,220,A,USD,"6,165","6,1656"
27122024,220,A,USD,"6,1985","6,1991"
30122024,220,A,USD,"6,1917","6,1923"
31122024,220,A,USD,"6,1917","6,1923"
2012025,220,A,USD,"6,208","6,2086"
3012025,220,A,USD,"6,1557","6,1563"
6012025,220,A,USD,"6,1113","6,1119"
7012025,220,A,USD,"6,0735","6,0741"
8012025,220,A,USD,"6,1315","6,1321"
9012025,220,A,USD,"6,089","6,0896"
10012025,220,A,USD,"6,0959","6,0965"
13012025,220,A,USD,"6,1073","6,1079"
14012025,220,A,USD,"6,0665","6,0671"
15012025,220,A,USD,"6,0371","6,0377"
16012025,220,A,USD,"6,0316","6,0322"
17012025,220,A,USD,"6,0603","6,0609"
20012025,220,A,USD,"6,0492","6,0498"
21012025,220,A,USD,"6,0434","6,044"
22012025,220,A,USD,"5,9668","5,9674"
23012025,220,A,USD,"5,9393","5,9399"
24012025,220,A,USD,"5,8919","5,8925"
27012025,220,A,USD,"5,9266","5,9272"
28012025,220,A,USD,"5,8924","5,893"
29012025,220,A,USD,"5,859","5,8596"
30012025,220,A,USD,"5,9","5,9006"
31012025,220,A,USD,"5,8295","5,8301"
3022025,220,A,USD,"5,8681","5,8687"
4022025,220,A,USD,"5,7921","5,7927"
5022025,220,A,USD,"5,7991","5,7997"
6022025,220,A,USD,"5,785","5,7856"
7022025,220,A,USD,"5,7551","5,7557"
10022025,220,A,USD,"5,7802","5,7808"
11022025,220,A,USD,"5,7782","5,7788"
12022025,220,A,USD,"5,7705","5,7711"
13022025,220,A,USD,"5,7782","5,7788"
14022025,220,A,USD,"5,7277","5,7283"
17022025,220,A,USD,"5,7099","5,7105"
18022025,220,A,USD,"5,6973","5,6979"
19022025,220,A,USD,"5,7081","5,7087"
20022025,220,A,USD,"5,7013","5,7019"
21022025,220,A,USD,"5,7021","5,7027"
24022025,220,A,USD,"5,7252","5,7258"
25022025,220,A,USD,"5,7773","5,7779"
26022025,220,A,USD,"5,7751","5,7757"
27022025,220,A,USD,"5,8222","5,8228"
28022025,220,A,USD,"5,8482","5,8488"
5032025,220,A,USD,"5,7908","5,7914"
6032025,220,A,USD,"5,7483","5,7489"
7032025,220,A,USD,"5,7682","5,7688"
10032025,220,A,USD,"5,7924","5,793"
11032025,220,A,USD,"5,8341","5,8346"
12032025,220,A,USD,"5,8262","5,8268"
13032025,220,A,USD,"5,8125","5,8131"
14032025,220,A,USD,"5,7413","5,7419"
17032025,220,A,USD,"5,7076","5,7082"
18032025,220,A,USD,"5,6846","5,6852"
19032025,220,A,USD,"5,6651","5,6657"
20032025,220,A,USD,"5,6622","5,6628"
21032025,220,A,USD,"5,7235","5,7241"
24032025,220,A,USD,"5,7397","5,7403"
25032025,220,A,USD,"5,6986","5,6992"
26032025,220,A,USD,"5,7292","5,7298"
27032025,220,A,USD,"5,7468","5,7474"
28032025,220,A,USD,"5,7654","5,766"
31032025,220,A,USD,"5,7416","5,7422"
1042025,220,A,USD,"5,7045","5,7051"
2042025,220,A,USD,"5,6918","5,6923"
3042025,220,A,USD,"5,6062","5,6067"
4042025,220,A,USD,"5,7771","5,7777"
7042025,220,A,USD,"5,8871","5,8877"
8042025,220,A,USD,"5,9362","5,9368"
9042025,220,A,USD,"6,0599","6,0605"
10042025,220,A,USD,"5,9109","5,9115"
11042025,220,A,USD,"5,8731","5,8737"
14042025,220,A,USD,"5,8419","5,8425"
15042025,220,A,USD,"5,8701","5,8707"
16042025,220,A,USD,"5,8802","5,8808"
17042025,220,A,USD,"5,8553","5,8559"
22042025,220,A,USD,"5,749","5,7496"
23042025,220,A,USD,"5,6874","5,688"
24042025,220,A,USD,"5,6732","5,6738"
25042025,220,A,USD,"5,684","5,6846"
28042025,220,A,USD,"5,6675","5,6681"
29042025,220,A,USD,"5,6461","5,6467"
30042025,220,A,USD,"5,6602","5,6608"
2052025,220,A,USD,"5,6388","5,6394"
5052025,220,A,USD,"5,6514","5,652"
6052025,220,A,USD,"5,7204","5,721"
7052025,220,A,USD,"5,7368","5,7375"
8052025,220,A,USD,"5,6854","5,686"
9052025,220,A,USD,"5,6505","5,6511"
12052025,220,A,USD,"5,6816","5,6822"
13052025,220,A,USD,"5,6256","5,6262"
14052025,220,A,USD,"5,6094","5,61"
15052025,220,A,USD,"5,6322","5,6328"
16052025,220,A,USD,"5,6919","5,6925"
19052025,220,A,USD,"5,6585","5,6591"
20052025,220,A,USD,"5,6614","5,662"
21052025,220,A,USD,"5,6565","5,6571"
22052025,220,A,USD,"5,6384","5,639"
23052025,220,A,USD,"5,6926","5,6932"
26052025,220,A,USD,"5,6613","5,6619"
27052025,220,A,USD,"5,6533","5,6539"
28052025,220,A,USD,"5,693","5,6936"
29052025,220,A,USD,"5,6553","5,6559"
30052025,220,A,USD,"5,7081","5,7087"
2062025,220,A,USD,"5,6931","5,6937"
3062025,220,A,USD,"5,6688","5,6694"
4062025,220,A,USD,"5,6326","5,6332"
5062025,220,A,USD,"5,5963","5,5969"
6062025,220,A,USD,"5,5941","5,5947"
9062025,220,A,USD,"5,5754","5,576"
10062025,220,A,USD,"5,5551","5,5557"
11062025,220,A,USD,"5,5384","5,539"
12062025,220,A,USD,"5,5382","5,5388"
13062025,220,A,USD,"5,5646","5,5652"
16062025,220,A,USD,"5,5117","5,5123"
17062025,220,A,USD,"5,4767","5,4773"
18062025,220,A,USD,"5,4873","5,4879"
20062025,220,A,USD,"5,4951","5,4957"
23062025,220,A,USD,"5,5207","5,5213"
24062025,220,A,USD,"5,4932","5,4938"
25062025,220,A,USD,"5,5421","5,5427"
26062025,220,A,USD,"5,5139","5,5145"
27062025,220,A,USD,"5,4753","5,4759"
30062025,220,A,USD,"5,4565","5,4571"
1072025,220,A,USD,"5,4505","5,4511"
2072025,220,A,USD,"5,4506","5,4512"
3072025,220,A,USD,"5,4202","5,4208"
4072025,220,A,USD,"5,4084","5,409"
7072025,220,A,USD,"5,4546","5,4552"
8072025,220,A,USD,"5,4565","5,4571"
9072025,220,A,USD,"5,462","5,4626"
10072025,220,A,USD,"5,5427","5,5433"
11072025,220,A,USD,"5,5716","5,5722"
14072025,220,A,USD,"5,5589","5,5595"
15072025,220,A,USD,"5,5569","5,5576"
16072025,220,A,USD,"5,5716","5,5722"
17072025,220,A,USD,"5,5731","5,5737"
18072025,220,A,USD,"5,546","5,5466"
21072025,220,A,USD,"5,5619","5,5625"
22072025,220,A,USD,"5,5703","5,5709"
23072025,220,A,USD,"5,5531","5,5537"
24072025,220,A,USD,"5,5233","5,5239"
25072025,220,A,USD,"5,542","5,5426"
28072025,220,A,USD,"5,5871","5,5877"
29072025,220,A,USD,"5,5758","5,5764"
30072025,220,A,USD,"5,6028","5,6034"
31072025,220,A,USD,"5,6015","5,6021"
1082025,220,A,USD,"5,543","5,5436"
4082025,220,A,USD,"5,5107","5,5113"
5082025,220,A,USD,"5,5113","5,5119"
6082025,220,A,USD,"5,4796","5,4802"
7082025,220,A,USD,"5,4632","5,4638"
8082025,220,A,USD,"5,4248","5,4254"
11082025,220,A,USD,"5,4467","5,4473"
12082025,220,A,USD,"5,4046","5,4052"
13082025,220,A,USD,"5,3922","5,3928"
14082025,220,A,USD,"5,4089","5,4095"
15082025,220,A,USD,"5,3922","5,3928"
18082025,220,A,USD,"5,4149","5,4155"
19082025,220,A,USD,"5,471","5,4716"
20082025,220,A,USD,"5,472","5,4726"
21082025,220,A,USD,"5,4822","5,4828"
22082025,220,A,USD,"5,4386","5,4392"
25082025,220,A,USD,"5,4168","5,4174"
26082025,220,A,USD,"5,4212","5,4218"
27082025,220,A,USD,"5,4422","5,4428"
28082025,220,A,USD,"5,4109","5,4115"
29082025,220,A,USD,"5,4258","5,4264"
1092025,220,A,USD,"5,4372","5,4378"
2092025,220,A,USD,"5,4674","5,468"
3092025,220,A,USD,"5,4479","5,4485"
4092025,220,A,USD,"5,4581","5,4587"
5092025,220,A,USD,"5,3962","5,3968"
8092025,220,A,USD,"5,4272","5,4278"
9092025,220,A,USD,"5,4272","5,4278"
10092025,220,A,USD,"5,4117","5,4123"
11092025,220,A,USD,"5,3852","5,3858"
12092025,220,A,USD,"5,3671","5,3677"
15092025,220,A,USD,"5,3202","5,3208"
16092025,220,A,USD,"5,309","5,3096"
17092025,220,A,USD,"5,3005","5,3011"
18092025,220,A,USD,"5,3004","5,301"
19092025,220,A,USD,"5,327","5,3276"
22092025,220,A,USD,"5,3451","5,3457"
23092025,220,A,USD,"5,3057","5,3063"
24092025,220,A,USD,"5,3106","5,3112"
25092025,220,A,USD,"5,3419","5,3425"
26092025,220,A,USD,"5,3439","5,3445"
29092025,220,A,USD,"5,3223","5,3229"
30092025,220,A,USD,"5,318","5,3186"
1102025,220,A,USD,"5,3202","5,3208"
2102025,220,A,USD,"5,3443","5,3449"
3102025,220,A,USD,"5,3492","5,3498"
6102025,220,A,USD,"5,322","5,3226"
7102025,220,A,USD,"5,3357","5,3363"
8102025,220,A,USD,"5,3421","5,3427"
9102025,220,A,USD,"5,3532","5,3538"
10102025,220,A,USD,"5,444","5,4446"
13102025,220,A,USD,"5,4623","5,4629"
14102025,220,A,USD,"5,4976","5,4982"
15102025,220,A,USD,"5,4458","5,4464"
16102025,220,A,USD,"5,4348","5,4354"
17102025,220,A,USD,"5,4384","5,439"
20102025,220,A,USD,"5,3765","5,3771"
21102025,220,A,USD,"5,3842","5,3848"
22102025,220,A,USD,"5,3892","5,3898"
23102025,220,A,USD,"5,3834","5,384"
24102025,220,A,USD,"5,3791","5,3797"
27102025,220,A,USD,"5,3738","5,3744"
28102025,220,A,USD,"5,3684","5,369"
29102025,220,A,USD,"5,341","5,3416"
30102025,220,A,USD,"5,3844","5,385"
31102025,220,A,USD,"5,3837","5,3843"
3112025,220,A,USD,"5,3499","5,3505"
4112025,220,A,USD,"5,384","5,3846"
5112025,220,A,USD,"5,3792","5,3798"
6112025,220,A,USD,"5,3445","5,3451"
7112025,220,A,USD,"5,3561","5,3567"
10112025,220,A,USD,"5,3175","5,3181"
11112025,220,A,USD,"5,2723","5,2729"
12112025,220,A,USD,"5,2879","5,2885"
13112025,220,A,USD,"5,2814","5,282"
14112025,220,A,USD,"5,2946","5,2952"
17112025,220,A,USD,"5,3102","5,3108"
18112025,220,A,USD,"5,3355","5,3361"
19112025,220,A,USD,"5,334","5,3346"
21112025,220,A,USD,"5,3896","5,3902"
24112025,220,A,USD,"5,3942","5,3948"
25112025,220,A,USD,"5,3835","5,3841"
26112025,220,A,USD,"5,3688","5,3694"
27112025,220,A,USD,"5,3484","5,349"
28112025,220,A,USD,"5,3332","5,3338"
1122025,220,A,USD,"5,3463","5,3469"
2122025,220,A,USD,"5,3459","5,3465"
3122025,220,A,USD,"5,3108","5,3114"
4122025,220,A,USD,"5,2946","5,2952"
5122025,220,A,USD,"5,3399","5,3405"
8122025,220,A,USD,"5,4243","5,4249"
9122025,220,A,USD,"5,4564","5,457"
10122025,220,A,USD,"5,465","5,4656"
11122025,220,A,USD,"5,4231","5,4237"
12122025,220,A,USD,"5,4005","5,4011"
15122025,220,A,USD,"5,3923","5,3929"
16122025,220,A,USD,"5,4499","5,4505"
17122025,220,A,USD,"5,5087","5,5093"
18122025,220,A,USD,"5,5277","5,5283"
19122025,220,A,USD,"5,5154","5,516"
22122025,220,A,USD,"5,5383","5,5389"
23122025,220,A,USD,"5,5637","5,5643"
24122025,220,A,USD,"5,5342","5,535"
26122025,220,A,USD,"5,5407","5,5413"
29122025,220,A,USD,"5,5733","5,5739"
30122025,220,A,USD,"5,5018","5,5024"
31122025,220,A,USD,"5,5018","5,5024"
2012026,220,A,USD,"5,4366","5,4372"
5012026,220,A,USD,"5,4345","5,4351"
6012026,220,A,USD,"5,3791","5,3797"
7012026,220,A,USD,"5,3874","5,388"
8012026,220,A,USD,"5,3854","5,386"
9012026,220,A,USD,"5,3701","5,3707"
12012026,220,A,USD,"5,3754","5,376"
13012026,220,A,USD,"5,3758","5,3764"
14012026,220,A,USD,"5,3789","5,3795"
15012026,220,A,USD,"5,384","5,3846"
16012026,220,A,USD,"5,3792","5,3798"
19012026,220,A,USD,"5,3647","5,3653"
20012026,220,A,USD,"5,3784","5,379"
21012026,220,A,USD,"5,3362","5,3368"
22012026,220,A,USD,"5,3112","5,3118"
23012026,220,A,USD,"5,2872","5,2879"
26012026,220,A,USD,"5,2754","5,276"
27012026,220,A,USD,"5,2386","5,2392"
28012026,220,A,USD,"5,1832","5,1838"
29012026,220,A,USD,"5,195","5,1956"
30012026,220,A,USD,"5,2295","5,2301"
2022026,220,A,USD,"5,2581","5,2587"
3022026,220,A,USD,"5,223","5,2236"
4022026,220,A,USD,"5,2353","5,2359"
5022026,220,A,USD,"5,2574","5,258"
6022026,220,A,USD,"5,2335","5,2341"
9022026,220,A,USD,"5,1937","5,1943"
10022026,220,A,USD,"5,2015","5,2021"
11022026,220,A,USD,"5,183","5,1836"
12022026,220,A,USD,"5,1668","5,1674"
13022026,220,A,USD,"5,2282","5,2288"
18022026,220,A,USD,"5,2343","5,2349"
19022026,220,A,USD,"5,225","5,2257"
20022026,220,A,USD,"5,2","5,2006"
23022026,220,A,USD,"5,1629","5,1635"
24022026,220,A,USD,"5,1676","5,1682"
25022026,220,A,USD,"5,1434","5,144"
26022026,220,A,USD,"5,1376","5,1382"
27022026,220,A,USD,"5,1489","5,1495"
2032026,220,A,USD,"5,1995","5,2001"
3032026,220,A,USD,"5,2864","5,287"
4032026,220,A,USD,"5,2085","5,2091"
5032026,220,A,USD,"5,2441","5,2447"
6032026,220,A,USD,"5,2872","5,2878"
9032026,220,A,USD,"5,2133","5,2139"
10032026,220,A,USD,"5,1616","5,1622"
11032026,220,A,USD,"5,159","5,1596"
12032026,220,A,USD,"5,2045","5,2051"
13032026,220,A,USD,"5,2535","5,2541"
16032026,220,A,USD,"5,2641","5,2647"
17032026,220,A,USD,"5,2016","5,2022"
18032026,220,A,USD,"5,2106","5,2112"
19032026,220,A,USD,"5,2581","5,2587"
20032026,220,A,USD,"5,2793","5,28"
23032026,220,A,USD,"5,2434","5,244"
24032026,220,A,USD,"5,2593","5,2599"
25032026,220,A,USD,"5,2269","5,2275"
26032026,220,A,USD,"5,2302","5,2308"
27032026,220,A,USD,"5,237","5,2376"
30032026,220,A,USD,"5,2347","5,2353"
31032026,220,A,USD,"5,2188","5,2194"
1042026,220,A,USD,"5,16","5,1606"
2042026,220,A,USD,"5,1649","5,1655"
6042026,220,A,USD,"5,1526","5,1532"
7042026,220,A,USD,"5,1619","5,1625"
8042026,220,A,USD,"5,0893","5,0899"
9042026,220,A,USD,"5,0815","5,0821"
10042026,220,A,USD,"5,0223","5,0229"
13042026,220,A,USD,"5,0238","5,0244"
14042026,220,A,USD,"4,98","4,9806"
15042026,220,A,USD,"4,9922","4,9928"
16042026,220,A,USD,"5,0001","5,0007"
17042026,220,A,USD,"4,9689","4,9695"
20042026,220,A,USD,"4,9838","4,9844"
22042026,220,A,USD,"4,9647","4,9653"
23042026,220,A,USD,"4,9533","4,9539"
24042026,220,A,USD,"5,0077","5,0083"
27042026,220,A,USD,"4,9694","4,97"
28042026,220,A,USD,"4,9872","4,9878"
29042026,220,A,USD,"4,9979","4,9985"
30042026,220,A,USD,"4,988","4,9886"
4052026,220,A,USD,"4,9581","4,9587"
5052026,220,A,USD,"4,9236","4,9242"
6052026,220,A,USD,"4,9268","4,9274"
7052026,220,A,USD,"4,9164","4,917"
8052026,220,A,USD,"4,8993","4,8999"
11052026,220,A,USD,"4,8967","4,8973"
12052026,220,A,USD,"4,8971","4,8977"
13052026,220,A,USD,"4,9112","4,9118"
14052026,220,A,USD,"4,9803","4,9809"
15052026,220,A,USD,"5,0648","5,0654"
18052026,220,A,USD,"5,0087","5,0093"
19052026,220,A,USD,"5,0372","5,0378"
20052026,220,A,USD,"5,0295","5,0301"
21052026,220,A,USD,"5,0071","5,0077"
22052026,220,A,USD,"5,0134","5,014"
25052026,220,A,USD,"5,0066","5,0072"
26052026,220,A,USD,"5,0205","5,0211"
27052026,220,A,USD,"5,0573","5,0579"
28052026,220,A,USD,"5,0511","5,0517"
29052026,220,A,USD,"5,0563","5,0569"
1062026,220,A,USD,"5,0297","5,0303"
2062026,220,A,USD,"5,0154","5,016"
3062026,220,A,USD,"5,0409","5,0415"
5062026,220,A,USD,"5,1238","5,1244"
8062026,220,A,USD,"5,1689","5,1695"
9062026,220,A,USD,"5,1687","5,1693"
10062026,220,A,USD,"5,1757","5,1763"
11062026,220,A,USD,"5,1472","5,1478"
12062026,220,A,USD,"5,0821","5,0827"
15062026,220,A,USD,"5,0424","5,043"
16062026,220,A,USD,"5,0774","5,078"
17062026,220,A,USD,"5,0635","5,0641"
18062026,220,A,USD,"5,1607","5,1613"
19062026,220,A,USD,"5,1436","5,1442"
22062026,220,A,USD,"5,1389","5,1395"
23062026,220,A,USD,"5,1737","5,1743"
24062026,220,A,USD,"5,2092","5,2098"
25062026,220,A,USD,"5,1886","5,1892"
26062026,220,A,USD,"5,1689","5,1695"
29062026,220,A,USD,"5,1711","5,1717"
30062026,220,A,USD,"5,176","5,1766"
