Produto,Unidade,Qtd,Preço,Mês Atual,Peso,Mês passado,Var,Var Peso,Categoria,Mes,Ano,produto,unidade,qtd,preco_unitario,valor_total
Arroz,Fardo 5Kg,2.0,31.77,63.54,2.91%,64.36,-1.27%,-2.31%,Alimentos,4.0,2024.0,,,,,
Feijão Preto,Pacote 1KG,3.0,8.67,26.01,1.19%,28.32,-8.16%,-3.03%,Alimentos,4.0,2024.0,,,,,
Açucar,Pacote 1KG,4.0,4.19,16.76,0.77%,17.2,-2.56%,-5.38%,Alimentos,4.0,2024.0,,,,,
Sal,Pacote 1KG,1.0,2.53,2.53,0.12%,2.63,-3.80%,1.30%,Alimentos,4.0,2024.0,,,,,
Café,Pacote 500g,3.0,17.85,53.55,2.45%,50.61,5.81%,13.10%,Alimentos,4.0,2024.0,,,,,
Leite,Caixa 1 litro,36.0,4.77,171.72,7.85%,171.0,0.42%,13.08%,Alimentos,4.0,2024.0,,,,,
Pão de Forma,Pacote 500g,10.0,6.61,66.1,3.02%,72.5,-8.83%,-6.40%,Alimentos,4.0,2024.0,,,,,
Óleo,Garrafa 900ml,2.0,5.51,11.02,0.50%,10.8,2.04%,-12.05%,Alimentos,4.0,2024.0,,,,,
Ovo,Caixa c/ 20,3.0,13.36,40.08,1.83%,44.37,-9.67%,-3.26%,Alimentos,4.0,2024.0,,,,,
Batata,kg,5.0,5.88,29.4,1.34%,35.8,-17.88%,-40.01%,Alimentos,4.0,2024.0,,,,,
Laranja,kg,3.0,4.75,14.25,0.65%,17.88,-20.30%,-6.09%,Alimentos,4.0,2024.0,,,,,
Limão,kg,3.0,4.59,13.77,0.63%,13.11,4.07%,-55.53%,Alimentos,4.0,2024.0,,,,,
Banana,kg,12.0,10.53,126.36,5.78%,135.96,-7.06%,-5.69%,Alimentos,4.0,2024.0,,,,,
Peito de Frango,kg,6.5,19.38,125.97,5.76%,122.16,3.80%,2.77%,Alimentos,4.0,2024.0,,,,,
Coxa de Frango,kg,6.5,12.03,78.2,3.58%,86.91,-10.02%,-26.96%,Alimentos,4.0,2024.0,,,,,
Alcatra,kg,5.0,35.43,177.15,8.10%,195.35,-9.32%,-9.31%,Alimentos,4.0,2024.0,,,,,
Coxão Mole,kg,5.0,34.76,173.8,7.95%,165.75,4.86%,-8.34%,Alimentos,4.0,2024.0,,,,,
Pernil,kg,3.0,17.2,51.6,2.36%,50.79,1.59%,-20.24%,Alimentos,4.0,2024.0,,,,,
Cebola,kg,3.0,10.23,30.69,1.40%,25.29,21.35%,46.60%,Alimentos,4.0,2024.0,,,,,
Bisteca,kg,3.0,15.65,46.95,2.15%,49.05,-4.28%,-14.14%,Alimentos,4.0,2024.0,,,,,
Filé de Merluza,kg,2.0,45.54,87.08,3.98%,85.06,2.37%,6.09%,Alimentos,4.0,2024.0,,,,,
Tilapia,kg,2.0,62.8,125.6,5.74%,100.2,25.35%,99.02%,Alimentos,4.0,2024.0,,,,,
Alface,Maço,15.0,4.29,64.35,2.94%,52.35,22.92%,13.88%,Alimentos,4.0,2024.0,,,,,
Tomate,kg,10.0,10.07,100.7,4.61%,117.6,-14.37%,9.17%,Alimentos,4.0,2024.0,,,,,
Alho,kg,0.5,28.23,14.12,0.65%,13.12,7.62%,29.03%,Alimentos,4.0,2024.0,,,,,
Refrigerante,Garrafa 2 litros,4.0,9.36,37.44,1.71%,36.36,2.97%,-1.55%,Alimentos,4.0,2024.0,,,,,
Chocolate,Barra 80g,4.0,5.75,23.0,1.05%,20.52,12.09%,-4.20%,Alimentos,4.0,2024.0,,,,,
Margarina,pote 500g,2.0,6.81,13.62,0.62%,13.3,2.41%,1.24%,Alimentos,4.0,2024.0,,,,,
Maçã,kg,12.0,12.56,150.72,6.89%,144.6,4.23%,-13.64%,Alimentos,4.0,2024.0,,,,,
Achocolatado,Pacote 700g,1.0,13.97,13.97,0.64%,14.47,-3.46%,0.78%,Alimentos,4.0,2024.0,,,,,
Feijão Carioca,Pacote 1KG,3.0,7.26,21.78,1.00%,24.09,-9.59%,-7.51%,Alimentos,4.0,2024.0,,,,,
Molho de tomate,Pacote 300g,16.0,2.58,41.28,1.89%,39.2,5.31%,-7.92%,Alimentos,4.0,2024.0,,,,,
Macarrão Tipo 8,Pacote 500g,8.0,3.87,30.96,1.42%,32.96,-6.07%,-5.68%,Alimentos,4.0,2024.0,,,,,
Papel higiênico,fardo com 12,1.0,18.45,18.45,0.84%,17.98,2.61%,-7.02%,Limpeza e Higiene,4.0,2024.0,,,,,
Pasta dente,90 Gramas,2.0,3.37,6.74,0.31%,7.16,-5.87%,-0.26%,Limpeza e Higiene,4.0,2024.0,,,,,
Detergente,Garrafa 500ml,4.0,2.1,8.4,0.38%,8.88,-5.41%,-6.49%,Limpeza e Higiene,4.0,2024.0,,,,,
Sabonete,Sabonete 80g,4.0,2.86,11.44,0.52%,12.24,-6.54%,-9.15%,Limpeza e Higiene,4.0,2024.0,,,,,
Papel Toalha,fardo c/ 2,4.0,5.26,21.04,0.96%,20.32,3.54%,-13.43%,Limpeza e Higiene,4.0,2024.0,,,,,
Sabão em Pó,"1,6 kg",1.0,19.87,19.87,0.91%,20.33,-2.26%,-5.84%,Limpeza e Higiene,4.0,2024.0,,,,,
Shampoo,400ML,2.0,23.69,47.38,2.17%,46.82,1.20%,5.69%,Limpeza e Higiene,4.0,2024.0,,,,,
Álcool,Garrafa 1 litro,2.0,7.59,15.18,0.69%,18.28,-16.96%,-23.62%,Limpeza e Higiene,4.0,2024.0,,,,,
Arroz,Fardo 5Kg,2.0,28.15,56.3,2.21%,62.4,-9.78%,-25.83%,Alimentos,4.0,2025.0,,,,,
Feijão Preto,Pacote 1KG,3.0,6.53,19.59,0.77%,22.65,-13.51%,-74.19%,Alimentos,4.0,2025.0,,,,,
Açucar,Pacote 1KG,4.0,4.23,16.92,0.66%,17.12,-1.17%,-77.71%,Alimentos,4.0,2025.0,,,,,
Sal,Pacote 1KG,1.0,2.77,2.77,0.11%,2.62,5.73%,-96.35%,Alimentos,4.0,2025.0,,,,,
Café,Pacote 500g,3.0,34.26,102.78,4.03%,97.59,5.32%,35.39%,Alimentos,4.0,2025.0,,,,,
Leite,Caixa 1 litro,36.0,5.01,180.36,7.07%,192.96,-6.53%,137.59%,Alimentos,4.0,2025.0,,,,,
Pão de Forma,Pacote 500g,10.0,7.68,76.8,3.01%,82.9,-7.36%,1.17%,Alimentos,4.0,2025.0,,,,,
Óleo,Garrafa 900ml,2.0,7.32,14.64,0.57%,15.06,-2.79%,-80.71%,Alimentos,4.0,2025.0,,,,,
Ovo,Caixa c/ 20,3.0,17.2,51.6,2.02%,56.79,-9.14%,-32.03%,Alimentos,4.0,2025.0,,,,,
Batata,kg,5.0,6.18,30.9,1.21%,18.05,71.19%,-59.29%,Alimentos,4.0,2025.0,,,,,
Laranja,kg,3.0,6.76,20.28,0.79%,21.12,-3.98%,-73.28%,Alimentos,4.0,2025.0,,,,,
Limão,kg,3.0,3.19,9.57,0.37%,12.96,-26.16%,-87.39%,Alimentos,4.0,2025.0,,,,,
Banana,kg,12.0,11.76,141.12,5.53%,149.16,-5.39%,85.90%,Alimentos,4.0,2025.0,,,,,
Peito de Frango,kg,6.5,22.66,147.29,5.77%,147.29,0.00%,94.03%,Alimentos,4.0,2025.0,,,,,
Coxa de Frango,kg,6.5,16.13,104.85,4.11%,108.94,-3.76%,38.12%,Alimentos,4.0,2025.0,,,,,
Alcatra,kg,5.0,52.13,260.65,10.21%,274.55,-5.06%,243.36%,Alimentos,4.0,2025.0,,,,,
Coxão Mole,kg,5.0,47.85,239.25,9.37%,244.55,-2.17%,215.17%,Alimentos,4.0,2025.0,,,,,
Pernil,kg,3.0,23.54,70.62,2.77%,70.44,0.26%,-6.97%,Alimentos,4.0,2025.0,,,,,
Cebola,kg,3.0,3.88,11.64,0.46%,12.93,-9.98%,-84.67%,Alimentos,4.0,2025.0,,,,,
Bisteca,kg,3.0,20.37,61.11,2.39%,67.74,-9.79%,-19.50%,Alimentos,4.0,2025.0,,,,,
Filé de Merluza,kg,2.0,46.55,93.1,3.65%,90.0,3.44%,22.64%,Alimentos,4.0,2025.0,,,,,
Tilápia,kg,2.0,57.47,114.94,4.50%,121.66,-5.52%,51.41%,Alimentos,4.0,2025.0,,,,,
Alface,Maço,15.0,4.51,67.65,2.65%,72.6,-6.82%,-10.88%,Alimentos,4.0,2025.0,,,,,
Tomate,kg,10.0,11.68,116.8,4.58%,139.7,-16.39%,53.86%,Alimentos,4.0,2025.0,,,,,
Alho,kg,0.5,30.43,15.22,0.60%,16.05,-5.20%,-79.96%,Alimentos,4.0,2025.0,,,,,
Refrigerante,Garrafa 2 litros,4.0,10.38,41.52,1.63%,42.24,-1.70%,-45.30%,Alimentos,4.0,2025.0,,,,,
Chocolate,Barra 80g,4.0,7.76,31.04,1.22%,30.48,1.84%,-59.11%,Alimentos,4.0,2025.0,,,,,
Margarina,pote 500g,2.0,7.27,14.54,0.57%,15.0,-3.07%,-80.85%,Alimentos,4.0,2025.0,,,,,
Maçã,kg,12.0,13.85,166.2,6.51%,186.84,-11.05%,118.94%,Alimentos,4.0,2025.0,,,,,
Achocolatado,Pacote 700g,1.0,16.85,16.85,0.66%,16.55,1.81%,-77.80%,Alimentos,4.0,2025.0,,,,,
Feijão Carioca,Pacote 1KG,3.0,6.54,19.62,0.77%,19.08,2.83%,-74.15%,Alimentos,4.0,2025.0,,,,,
Molho de Tomate,Pacote 300g,16.0,2.29,36.64,1.44%,44.64,-17.92%,-51.73%,Alimentos,4.0,2025.0,,,,,
Macarrão Tipo 8,Pacote 500g,8.0,3.99,31.92,1.25%,35.6,-10.34%,-57.95%,Alimentos,4.0,2025.0,,,,,
Papel Higiênico,Fardo com 12,1.0,22.63,22.63,0.89%,20.39,10.99%,,Limpeza e Higiene,4.0,2025.0,,,,,
Pasta de dente,90 Gramas,2.0,3.55,7.1,0.28%,7.18,-1.11%,,Limpeza e Higiene,4.0,2025.0,,,,,
Detergente,Garrafa 500ml,4.0,2.41,9.64,0.38%,9.4,2.55%,,Limpeza e Higiene,4.0,2025.0,,,,,
Sabonete,Sabonete 80g,4.0,3.03,12.12,0.47%,11.32,7.07%,,Limpeza e Higiene,4.0,2025.0,,,,,
Papel Toalha,Fardo c/ 2,4.0,6.12,24.48,0.96%,27.8,-11.94%,,Limpeza e Higiene,4.0,2025.0,,,,,
Sabão em Pó,"1,6kg",1.0,20.38,20.38,0.80%,21.1,-3.41%,,Limpeza e Higiene,4.0,2025.0,,,,,
Shampoo,400ML,2.0,25.93,51.86,2.03%,55.38,-6.36%,,Limpeza e Higiene,4.0,2025.0,,,,,
Álcool,Garrafa 1 litro,2.0,9.39,18.78,0.74%,19.26,-2.49%,,Limpeza e Higiene,4.0,2025.0,,,,,
Arroz,Fardo 5Kg,2.0,33.42,66.84,2.94%,67.0,-0.24%,-1.02%,Alimentos,8.0,2024.0,,,,,
Feijão Preto,Pacote 1KG,3.0,7.34,22.02,0.97%,21.78,1.10%,-20.93%,Alimentos,8.0,2024.0,,,,,
Açucar,Pacote 1KG,4.0,3.86,15.44,0.68%,15.92,-3.02%,-16.05%,Alimentos,8.0,2024.0,,,,,
Sal,Pacote 1KG,1.0,2.35,2.35,0.10%,2.56,-8.20%,-9.38%,Alimentos,8.0,2024.0,,,,,
Café,Pacote 500g,3.0,20.57,61.71,2.72%,57.84,7.25%,25.53%,Alimentos,8.0,2024.0,,,,,
Leite,Caixa 1 litro,36.0,5.5,198.0,8.72%,184.32,7.42%,25.57%,Alimentos,8.0,2024.0,,,,,
Pão de Forma,Pacote 500g,10.0,6.75,67.5,2.97%,64.8,4.17%,-7.95%,Alimentos,8.0,2024.0,,,,,
Óleo,Garrafa 900ml,2.0,6.35,12.7,0.56%,12.38,2.58%,-2.38%,Alimentos,8.0,2024.0,,,,,
Ovo,Caixa c/ 20,3.0,10.9,32.7,1.44%,37.29,-12.31%,-18.86%,Alimentos,8.0,2024.0,,,,,
Batata,kg,5.0,6.42,32.1,1.19%,42.95,-26.90%,-46.74%,Alimentos,8.0,2024.0,,,,,
Laranja,kg,3.0,6.89,20.67,0.91%,17.67,16.98%,31.20%,Alimentos,8.0,2024.0,,,,,
Limão,kg,3.0,6.69,20.07,0.88%,16.89,18.86%,10.63%,Alimentos,8.0,2024.0,,,,,
Banana,kg,12.0,11.96,143.52,6.32%,130.92,9.62%,3.17%,Alimentos,8.0,2024.0,,,,,
Peito de Frango,kg,6.5,20.68,134.42,5.92%,144.37,-6.89%,5.62%,Alimentos,8.0,2024.0,,,,,
Coxa de Frango,kg,6.5,13.59,88.34,3.89%,90.55,-2.44%,38.13%,Alimentos,8.0,2024.0,,,,,
Alcatra,kg,5.0,40.87,204.35,9.00%,198.05,3.18%,0.76%,Alimentos,8.0,2024.0,,,,,
Coxão Mole,kg,5.0,34.9,174.5,7.69%,179.75,-2.92%,-11.37%,Alimentos,8.0,2024.0,,,,,
Pernil,kg,3.0,20.04,60.12,2.77%,47.7,31.70%,-6.48%,Alimentos,8.0,2024.0,,,,,
Cebola,kg,3.0,4.16,12.48,0.55%,19.68,-36.59%,-42.58%,Alimentos,8.0,2024.0,,,,,
Bisteca,kg,3.0,17.43,52.29,2.30%,48.72,7.33%,-7.90%,Alimentos,8.0,2024.0,,,,,
Filé de Merluza,kg,2.0,37.39,74.78,3.29%,79.48,-5.91%,-12.25%,Alimentos,8.0,2024.0,,,,,
Tilapia,kg,2.0,57.42,114.84,5.06%,129.56,-11.36%,75.26%,Alimentos,8.0,2024.0,,,,,
Alface,Maço,15.0,4.32,64.8,2.85%,54.15,19.67%,10.45%,Alimentos,8.0,2024.0,,,,,
Tomate,kg,10.0,6.41,64.1,2.82%,66.1,-3.03%,-33.07%,Alimentos,8.0,2024.0,,,,,
Alho,kg,0.5,26.53,13.42,0.59%,14.95,-10.27%,18.11%,Alimentos,8.0,2024.0,,,,,
Refrigerante,Garrafa 2 litros,4.0,9.59,38.36,1.69%,37.88,1.27%,-2.85%,Alimentos,8.0,2024.0,,,,,
Chocolate,Barra 80g,4.0,6.05,24.2,1.07%,25.0,-3.20%,-2.92%,Alimentos,8.0,2024.0,,,,,
Margarina,pote 500g,2.0,6.56,13.12,0.58%,12.88,1.86%,-6.07%,Alimentos,8.0,2024.0,,,,,
Maçã,kg,12.0,15.03,180.36,7.94%,166.56,8.29%,-0.47%,Alimentos,8.0,2024.0,,,,,
Achocolatado,Pacote 700g,1.0,14.83,14.83,0.65%,15.25,-2.75%,3.04%,Alimentos,8.0,2024.0,,,,,
Feijão Carioca,Pacote 1KG,3.0,6.15,18.45,0.81%,20.67,-10.74%,-24.54%,Alimentos,8.0,2024.0,,,,,
Molho de tomate,Pacote 300g,16.0,2.55,40.8,1.80%,37.6,8.51%,-12.34%,Alimentos,8.0,2024.0,,,,,
Macarrão Tipo 8,Pacote 500g,8.0,4.06,32.48,1.43%,29.2,11.23%,-4.70%,Alimentos,8.0,2024.0,,,,,
Papel higiênico,fardo com 12,1.0,19.57,19.57,0.86%,19.73,-0.81%,-5.01%,Limpeza e Higiene,8.0,2024.0,,,,,
Pasta dente,90 Gramas,2.0,3.39,6.78,0.30%,6.78,0.00%,-3.37%,Limpeza e Higiene,8.0,2024.0,,,,,
Detergente,Garrafa 500ml,4.0,2.16,8.64,0.38%,8.92,-3.14%,-7.36%,Limpeza e Higiene,8.0,2024.0,,,,,
Sabonete,Sabonete 80g,4.0,2.66,10.64,0.47%,11.72,-9.22%,-18.62%,Limpeza e Higiene,8.0,2024.0,,,,,
Papel Toalha,fardo c/ 2,4.0,5.96,23.84,1.05%,17.52,36.07%,-5.52%,Limpeza e Higiene,8.0,2024.0,,,,,
Sabão em Pó,"1,6 kg",1.0,20.1,20.1,0.89%,20.25,-0.74%,-8.26%,Limpeza e Higiene,8.0,2024.0,,,,,
Shampoo,400ML,2.0,25.06,50.12,2.21%,45.66,9.77%,7.68%,Limpeza e Higiene,8.0,2024.0,,,,,
Álcool,Garrafa 1 litro,2.0,8.12,16.24,0.72%,16.48,-1.46%,-21.30%,Limpeza e Higiene,8.0,2024.0,,,,,
Arroz,Fardo 5Kg,2.0,24.92,49.84,2.03%,54.02,-7.74%,-31.75%,Alimentos,8.0,2025.0,,,,,
Feijão Preto,Pacote 1KG,3.0,5.1,15.3,0.62%,16.89,-9.41%,-79.05%,Alimentos,8.0,2025.0,,,,,
Açucar,Pacote 1KG,4.0,4.49,17.96,0.73%,17.44,2.98%,-75.41%,Alimentos,8.0,2025.0,,,,,
Sal,Pacote 1KG,1.0,2.87,2.87,0.12%,2.89,-0.69%,-96.07%,Alimentos,8.0,2025.0,,,,,
Café,Pacote 500g,3.0,33.2,99.6,4.05%,108.81,-8.46%,36.39%,Alimentos,8.0,2025.0,,,,,
Leite,Caixa 1 litro,36.0,4.86,174.96,7.13%,189.72,-7.78%,139.58%,Alimentos,8.0,2025.0,,,,,
Pão de Forma,Pacote 500g,10.0,7.36,73.6,3.00%,85.1,-13.51%,0.79%,Alimentos,8.0,2025.0,,,,,
Óleo,Garrafa 900ml,2.0,7.5,15.0,0.61%,14.4,4.17%,-79.46%,Alimentos,8.0,2025.0,,,,,
Ovo,Caixa c/ 20,3.0,12.93,38.79,1.58%,43.8,-11.44%,-46.88%,Alimentos,8.0,2025.0,,,,,
Batata,kg,5.0,2.52,12.6,0.51%,27.1,-53.51%,-82.75%,Alimentos,8.0,2025.0,,,,,
Laranja,kg,3.0,4.33,12.99,0.53%,16.32,-20.40%,-82.21%,Alimentos,8.0,2025.0,,,,,
Limão,kg,3.0,6.24,18.72,0.76%,15.48,20.93%,-74.37%,Alimentos,8.0,2025.0,,,,,
Banana,kg,12.0,10.93,131.16,5.34%,127.92,2.53%,79.61%,Alimentos,8.0,2025.0,,,,,
Peito de Frango,kg,6.5,23.16,150.54,6.13%,148.46,1.40%,106.14%,Alimentos,8.0,2025.0,,,,,
Coxa de Frango,kg,6.5,15.38,99.97,4.07%,103.03,-2.97%,36.90%,Alimentos,8.0,2025.0,,,,,
Alcatra,kg,5.0,59.1,295.5,12.04%,277.85,6.35%,304.65%,Alimentos,8.0,2025.0,,,,,
Coxão Mole,kg,5.0,50.36,251.8,10.26%,265.5,-5.16%,244.81%,Alimentos,8.0,2025.0,,,,,
Pernil,kg,3.0,25.93,77.79,3.17%,83.16,-6.46%,6.52%,Alimentos,8.0,2025.0,,,,,
Cebola,kg,3.0,2.28,6.84,0.28%,14.16,-51.69%,-90.63%,Alimentos,8.0,2025.0,,,,,
Bisteca,kg,3.0,19.56,58.68,2.39%,63.66,-7.82%,-19.65%,Alimentos,8.0,2025.0,,,,,
Filé de Merluza,kg,2.0,45.18,90.36,3.68%,109.18,-17.24%,23.74%,Alimentos,8.0,2025.0,,,,,
Tilápia,kg,2.0,59.7,119.4,4.86%,124.18,-3.85%,63.50%,Alimentos,8.0,2025.0,,,,,
Alface,Maço,15.0,2.99,44.85,1.83%,66.6,-32.66%,-38.58%,Alimentos,8.0,2025.0,,,,,
Tomate,kg,10.0,7.92,79.2,3.23%,116.0,-31.72%,8.45%,Alimentos,8.0,2025.0,,,,,
Alho,kg,0.5,22.27,11.14,0.45%,15.22,-26.82%,-84.75%,Alimentos,8.0,2025.0,,,,,
Refrigerante,Garrafa 2 litros,4.0,10.25,41.0,1.67%,42.0,-2.38%,-43.86%,Alimentos,8.0,2025.0,,,,,
Chocolate,Barra 80g,4.0,7.51,30.04,1.22%,29.68,1.21%,-58.86%,Alimentos,8.0,2025.0,,,,,
Margarina,pote 500g,2.0,8.13,16.26,0.66%,16.24,0.12%,-77.73%,Alimentos,8.0,2025.0,,,,,
Maçã,kg,12.0,10.76,129.12,5.26%,167.28,-22.81%,76.81%,Alimentos,8.0,2025.0,,,,,
Achocolatado,Pacote 700g,1.0,17.86,17.86,0.73%,16.53,8.05%,-75.54%,Alimentos,8.0,2025.0,,,,,
Feijão Carioca,Pacote 1KG,3.0,5.92,17.76,0.72%,19.38,-8.36%,-75.68%,Alimentos,8.0,2025.0,,,,,
Molho de Tomate,Pacote 300g,16.0,2.61,41.76,1.70%,42.56,-1.88%,-42.82%,Alimentos,8.0,2025.0,,,,,
Macarrão Tipo 8,Pacote 500g,8.0,4.14,33.12,1.35%,32.24,2.73%,-54.65%,Alimentos,8.0,2025.0,,,,,
Papel Higiênico,Fardo com 12,1.0,23.2,23.2,0.94%,20.19,14.91%,,Limpeza e Higiene,8.0,2025.0,,,,,
Pasta de dente,90 Gramas,2.0,4.05,8.1,0.33%,7.8,3.85%,,Limpeza e Higiene,8.0,2025.0,,,,,
Detergente,Garrafa 500ml,4.0,2.29,9.16,0.37%,9.44,-2.97%,,Limpeza e Higiene,8.0,2025.0,,,,,
Sabonete,Sabonete 80g,4.0,3.13,12.52,0.51%,11.96,4.68%,,Limpeza e Higiene,8.0,2025.0,,,,,
Papel Toalha,Fardo c/ 2,4.0,7.57,30.28,1.23%,19.96,51.70%,,Limpeza e Higiene,8.0,2025.0,,,,,
Sabão em Pó,"1,6kg",1.0,23.17,23.17,0.94%,22.81,1.58%,,Limpeza e Higiene,8.0,2025.0,,,,,
Shampoo,400ML,2.0,27.92,55.84,2.27%,55.24,1.09%,,Limpeza e Higiene,8.0,2025.0,,,,,
Álcool,Garrafa 1 litro,2.0,8.22,16.44,0.67%,17.38,-5.41%,,Limpeza e Higiene,8.0,2025.0,,,,,
Arroz,Fardo 5Kg,2.0,30.99,61.98,2.97%,56.42,8.97%,5.36%,Alimentos,12.0,2023.0,,,,,
Feijão Preto,Pacote 1KG,3.0,8.52,25.56,1.23%,22.53,11.85%,8.81%,Alimentos,12.0,2023.0,,,,,
Açucar,Pacote 1KG,4.0,4.22,16.88,0.81%,16.6,1.66%,-2.47%,Alimentos,12.0,2023.0,,,,,
Sal,Pacote 1KG,1.0,2.38,2.38,0.11%,2.21,7.14%,3.29%,Alimentos,12.0,2023.0,,,,,
Café,Pacote 500g,3.0,15.04,45.12,2.17%,50.22,-11.30%,-13.83%,Alimentos,12.0,2023.0,,,,,
Leite,caixa 1 Litro,36.0,4.02,144.72,6.95%,143.64,0.75%,-3.37%,Alimentos,12.0,2023.0,,,,,
Pão de Forma,Pacote 500g,10.0,6.73,67.3,3.23%,54.3,19.32%,18.88%,Alimentos,12.0,2023.0,,,,,
Óleo,Garrafa 900ml,2.0,5.97,11.94,0.57%,11.12,6.87%,2.99%,Alimentos,12.0,2023.0,,,,,
Ovo,Caixa c/ 20,3.0,12.33,36.99,1.78%,39.39,-6.49%,-9.93%,Alimentos,12.0,2023.0,,,,,
Batata,kg,5.0,8.94,46.7,2.24%,21.1,54.82%,112.28%,Alimentos,12.0,2023.0,,,,,
Laranja,kg,3.0,4.82,14.46,0.69%,12.36,14.52%,12.21%,Alimentos,12.0,2023.0,,,,,
Limão,kg,3.0,5.55,16.65,0.80%,15.75,5.41%,1.39%,Alimentos,12.0,2023.0,,,,,
Banana,kg,12.0,10.64,127.68,6.13%,116.88,8.46%,4.78%,Alimentos,12.0,2023.0,,,,,
Peito de Frango,kg,6.5,17.97,116.81,5.61%,109.66,6.12%,2.17%,Alimentos,12.0,2023.0,,,,,
Coxa de Frango,kg,6.5,9.03,58.7,2.82%,65.0,-10.74%,-13.39%,Alimentos,12.0,2023.0,,,,,
Alcatra,kg,5.0,37.23,186.15,8.93%,196.35,-5.46%,-9.07%,Alimentos,12.0,2023.0,,,,,
Coxão Mole,kg,5.0,36.14,180.7,8.67%,194.45,-7.61%,-10.87%,Alimentos,12.0,2023.0,,,,,
Pernil,kg,3.0,20.55,61.65,2.96%,50.34,18.35%,17.46%,Alimentos,12.0,2023.0,,,,,
Cebola,kg,3.0,6.65,19.95,0.96%,19.47,2.41%,-1.72%,Alimentos,12.0,2023.0,,,,,
Bisteca,kg,3.0,17.37,52.11,2.50%,47.01,9.79%,6.32%,Alimentos,12.0,2023.0,,,,,
Filé de Merluza,kg,2.0,39.11,78.22,3.75%,73.02,6.65%,2.74%,Alimentos,12.0,2023.0,,,,,
Tilapia,kg,2.0,30.07,60.14,2.89%,74.58,-24.01%,-22.66%,Alimentos,12.0,2023.0,,,,,
Alface,Maço,15.0,3.59,53.85,2.58%,57.75,-7.24%,-10.56%,Alimentos,12.0,2023.0,,,,,
Tomate,kg,10.0,8.79,87.9,4.22%,82.9,6.03%,1.70%,Alimentos,12.0,2023.0,,,,,
Alho,kg,0.5,20.85,10.43,0.50%,10.05,3.60%,-0.51%,Alimentos,12.0,2023.0,,,,,
Refrigerante,Garrafa 2 litros,4.0,9.06,36.24,1.74%,33.52,7.51%,3.70%,Alimentos,12.0,2023.0,,,,,
Chocolate,Barra 80g,4.0,5.72,22.88,1.10%,19.0,16.96%,15.50%,Alimentos,12.0,2023.0,,,,,
Margarina,pote 500g,2.0,6.41,12.82,0.62%,14.02,-9.36%,-12.30%,Alimentos,12.0,2023.0,,,,,
Maçã,kg,12.0,13.85,166.32,7.98%,148.32,12.02%,7.55%,Alimentos,12.0,2023.0,,,,,
Achocolatado,Pacote 700g,1.0,13.21,13.21,0.63%,13.22,-0.08%,-4.16%,Alimentos,12.0,2023.0,,,,,
Feijão Carioca,Pacote 1KG,3.0,7.48,22.44,1.08%,18.57,17.25%,15.90%,Alimentos,12.0,2023.0,,,,,
Molho de tomate,Pacote 300g,16.0,2.67,42.72,2.05%,29.12,31.84%,40.71%,Alimentos,12.0,2023.0,,,,,
Macarrão Tipo 8,Pacote 500g,8.0,3.92,31.28,1.50%,29.68,5.12%,1.08%,Alimentos,12.0,2023.0,,,,,
Papel higiênico,fardo com 12,1.0,18.91,18.91,0.91%,21.1,-10.38%,-14.09%,Limpeza e Higiene,12.0,2023.0,,,,,
Pasta dente,90 Gramas,2.0,3.44,6.88,0.31%,6.82,5.57%,-10.86%,Limpeza e Higiene,12.0,2023.0,,,,,
Detergente,Garrafa 500ml,4.0,2.14,8.56,0.41%,8.52,0.47%,-6.53%,Limpeza e Higiene,12.0,2023.0,,,,,
Sabonete,Sabonete 80g,4.0,3.0,12.0,0.58%,11.2,7.14%,-16.95%,Limpeza e Higiene,12.0,2023.0,,,,,
Papel Toalha,fardo c/ 2,4.0,5.79,23.16,1.11%,23.24,-0.34%,-7.74%,Limpeza e Higiene,12.0,2023.0,,,,,
Sabão em Pó,"1,6 kg",1.0,20.11,20.11,0.97%,24.48,-17.85%,-23.74%,Limpeza e Higiene,12.0,2023.0,,,,,
Shampoo,400ML,2.0,21.36,42.72,2.05%,40.0,6.80%,5.21%,Limpeza e Higiene,12.0,2023.0,,,,,
Álcool,Garrafa 1 litro,2.0,9.47,18.94,0.91%,14.64,29.37%,21.26%,Limpeza e Higiene,12.0,2023.0,,,,,
Arroz,Fardo 5Kg,2.0,64.4410120112,,,66.120472,-2.54,,Alimentos,12.0,2024.0,,,,,
Feijão Preto,Pacote 1KG,3.0,25.6215103344,,,24.690672,3.77,,Alimentos,12.0,2024.0,,,,,
Açucar,Pacote 1KG,4.0,17.1599122176,,,16.800384,2.14,,Alimentos,12.0,2024.0,,,,,
Sal,Pacote 1KG,1.0,2.4398471328,,,2.529912,-3.56,,Alimentos,12.0,2024.0,,,,,
Café,Pacote 500g,3.0,76.5911005818,,,73.412346,4.33,,Alimentos,12.0,2024.0,,,,,
Leite,Caixa 1 litro,36.0,183.2324888592,,,186.477192,-1.74,,Alimentos,12.0,2024.0,,,,,
Pão de Forma,Pacote 500g,10.0,70.396624764,,,60.49899,16.36,,Alimentos,12.0,2024.0,,,,,
Óleo,Garrafa 900ml,2.0,16.0790764624,,,16.279312,-1.23,,Alimentos,12.0,2024.0,,,,,
Ovo,Caixa c/ 20,3.0,44.3729845044,,,37.291356,18.99,,Alimentos,12.0,2024.0,,,,,
Batata,kg,5.0,20.79987552,,,32.39856,-35.8,,Alimentos,12.0,2024.0,,,,,
Laranja,kg,3.0,25.0803738504,,,24.090264,4.11,,Alimentos,12.0,2024.0,,,,,
Limão,kg,3.0,20.5203430944,,,25.110552,-18.28,,Alimentos,12.0,2024.0,,,,,
Banana,kg,12.0,141.476064,,,141.476064,0.0,,Alimentos,12.0,2024.0,,,,,
Peito de Frango,kg,6.5,144.169845456,,,140.59864,2.54,,Alimentos,12.0,2024.0,,,,,
Coxa de Frango,kg,6.5,92.1670023456,,,80.013024,15.19,,Alimentos,12.0,2024.0,,,,,
Alcatra,kg,5.0,265.605662544,,,263.39316,0.84,,Alimentos,12.0,2024.0,,,,,
Coxão Mole,kg,5.0,255.185248032,,,224.59536,13.62,,Alimentos,12.0,2024.0,,,,,
Pernil,kg,3.0,77.40051678,,,78.69105,-1.64,,Alimentos,12.0,2024.0,,,,,
Cebola,kg,3.0,11.9707445052,,,9.480276,26.27,,Alimentos,12.0,2024.0,,,,,
Bisteca,kg,3.0,60.62849496,,,60.84144,-0.35,,Alimentos,12.0,2024.0,,,,,
Filé de Merluza,kg,2.0,91.8410651444,,,87.978796,4.39,,Alimentos,12.0,2024.0,,,,,
Tilápia,kg,2.0,114.1959511224,,,121.459212,-5.98,,Alimentos,12.0,2024.0,,,,,
Alface,Maço,15.0,57.2990158155,,,64.649685,-11.37,,Alimentos,12.0,2024.0,,,,,
Tomate,kg,10.0,91.702696314,,,55.60098,64.93,,Alimentos,12.0,2024.0,,,,,
Alho,kg,0.5,13.340289417,,,14.47043,-7.81,,Alimentos,12.0,2024.0,,,,,
Refrigerante,Garrafa 2 litros,4.0,41.1185946704,,,40.918096,0.49,,Alimentos,12.0,2024.0,,,,,
Chocolate,Barra 80g,4.0,27.037835538,,,21.638924,24.95,,Alimentos,12.0,2024.0,,,,,
Margarina,pote 500g,2.0,12.6395035572,,,13.599638,-7.06,,Alimentos,12.0,2024.0,,,,,
Maçã,kg,12.0,172.1486216736,,,182.399472,-5.62,,Alimentos,12.0,2024.0,,,,,
Achocolatado,Pacote 700g,1.0,15.8727546936,,,16.539288,-4.03,,Alimentos,12.0,2024.0,,,,,
Feijão Carioca,Pacote 1KG,3.0,17.011052397,,,18.599445,-8.54,,Alimentos,12.0,2024.0,,,,,
Molho de Tomate,Pacote 300g,16.0,40.164903168,,,39.36192,2.04,,Alimentos,12.0,2024.0,,,,,
Macarrão Tipo 8,Pacote 500g,8.0,31.998846048,,,31.35912,2.04,,Alimentos,12.0,2024.0,,,,,
Papel higiênico,Fardo com 12,1.0,19.6686720502,,,20.619218,-4.61,,Higiene,12.0,2024.0,,,,,
Pasta de dente,90 Gramas,2.0,7.220304,,,7.60032,-5.0,,Higiene,12.0,2024.0,,,,,
Detergente,Garrafa 500ml,4.0,8.5993365816,,,8.719668,-1.38,,Higiene,12.0,2024.0,,,,,
Sabonete,Sabonete 80g,4.0,11.6795124504,,,12.519576,-6.71,,Higiene,12.0,2024.0,,,,,
Papel Toalha,Fardo c/ 2,4.0,17.199545286,,,26.278908,-34.55,,Higiene,12.0,2024.0,,,,,
Sabão em Pó,"1,6kg",1.0,20.5007602257,,,20.319913,0.89,,Higiene,12.0,2024.0,,,,,
Shampoo,400ML,2.0,54.4015643808,,,54.461472,-0.11,,Higiene,12.0,2024.0,,,,,
Álcool,Garrafa 1 litro,2.0,16.679202176,,,14.31937,16.48,,Higiene,12.0,2024.0,,,,,
,,,,,,,,,,,,Arroz,Fardo 5kg,2.0,24.28,48.56
,,,,,,,,,,,,Feijão Preto,Pacote 1kg,3.0,4.91,14.73
,,,,,,,,,,,,Açucar,Pacote 1kg,4.0,4.13,16.52
,,,,,,,,,,,,Sal,Pacote 1kg,1.0,3.13,3.13
,,,,,,,,,,,,Café,Pacote 500g,3.0,32.32,96.96
,,,,,,,,,,,,Leite,Caixa 1 litro,36.0,3.98,143.28
,,,,,,,,,,,,Pão de Forma,Pacote 500g,10.0,7.95,79.5
,,,,,,,,,,,,Óleo,Garrafa 900ml,2.0,8.13,16.26
,,,,,,,,,,,,Ovo,Caixa c/ 20,3.0,10.96,32.88
,,,,,,,,,,,,Batata,Kg,5.0,4.66,23.3
,,,,,,,,,,,,Laranja,Kg,3.0,5.49,16.47
,,,,,,,,,,,,Limão,Kg,3.0,4.14,12.42
,,,,,,,,,,,,Banana,Kg,12.0,11.67,140.04
,,,,,,,,,,,,Peito de Frango,Kg,6.5,25.07,162.96
,,,,,,,,,,,,Coxa de Frango,Kg,6.5,16.41,106.67
,,,,,,,,,,,,Alcatra,Kg,5.0,59.76,298.8
,,,,,,,,,,,,Coxão Mole,Kg,5.0,50.15,250.75
,,,,,,,,,,,,Pernil,Kg,3.0,21.34,64.02
,,,,,,,,,,,,Cebola,Kg,3.0,3.11,9.33
,,,,,,,,,,,,Bisteca,Kg,3.0,20.67,62.01
,,,,,,,,,,,,Filé de Merluza,Kg,2.0,48.53,97.06
,,,,,,,,,,,,Tilápia,Kg,2.0,66.0,132.0
,,,,,,,,,,,,Alface,Maço,15.0,4.14,62.1
,,,,,,,,,,,,Tomate,Kg,10.0,8.92,89.2
,,,,,,,,,,,,Alho,Kg,0.5,19.9,9.95
,,,,,,,,,,,,Refrigerante,Garrafa 2 litros,4.0,11.09,44.36
,,,,,,,,,,,,Chocolate,Barra 80g,4.0,9.55,38.2
,,,,,,,,,,,,Margarina,Pote 500g,2.0,7.26,14.52
,,,,,,,,,,,,Maçã,Kg,12.0,14.61,175.32
,,,,,,,,,,,,Achocolatado,Pacote 700g,1.0,16.98,16.98
,,,,,,,,,,,,Feijão Carioca,Pacote 1kg,3.0,6.17,18.51
,,,,,,,,,,,,Molho de Tomate,Pacote 300g,16.0,2.65,42.4
,,,,,,,,,,,,Macarrão Tipo 8,Pacote 500g,8.0,3.97,31.76
,,,,,,,,,,,,Papel Higiênico,Fardo com 12,1.0,19.77,19.77
,,,,,,,,,,,,Pasta de dente,90 Gramas,2.0,3.87,7.74
,,,,,,,,,,,,Detergente,Garrafa 500ml,4.0,2.4,9.6
,,,,,,,,,,,,Sabonete,Sabonete 80g,4.0,3.32,13.28
,,,,,,,,,,,,Papel Toalha,Fardo c/ 2,4.0,9.36,37.44
,,,,,,,,,,,,Sabão em Pó,"1,6kg",1.0,20.69,20.69
,,,,,,,,,,,,Shampoo,400ml,2.0,28.79,57.58
,,,,,,,,,,,,Álcool,Garrafa 1 litro,2.0,10.3,20.6
Arroz,Fardo 5Kg,2.0,32.75,65.5,3.00%,63.42,3.29%,0.76%,Alimentos,2.0,2024.0,,,,,
Feijão Preto,Pacote 1KG,3.0,8.63,25.89,1.18%,27.34,-5.29%,-3.43%,Alimentos,2.0,2024.0,,,,,
Açucar,Pacote 1KG,4.0,4.08,16.32,0.75%,17.21,-5.14%,-7.82%,Alimentos,2.0,2024.0,,,,,
Sal,Pacote 1KG,1.0,2.58,2.58,0.12%,2.43,3.55%,2.55%,Alimentos,2.0,2024.0,,,,,
Café,Pacote 500g,3.0,16.42,49.26,2.25%,49.33,-0.14%,4.09%,Alimentos,2.0,2024.0,,,,,
Leite,Caixa 1 litro,36.0,4.46,160.56,7.35%,161.16,-0.37%,5.78%,Alimentos,2.0,2024.0,,,,,
Pão de Forma,Pacote 500g,10.0,6.94,69.4,3.18%,62.56,10.93%,-1.68%,Alimentos,2.0,2024.0,,,,,
Óleo,Garrafa 900ml,2.0,5.89,11.78,0.54%,12.02,-1.98%,-5.94%,Alimentos,2.0,2024.0,,,,,
Ovo,Caixa c/ 20,3.0,15.09,45.27,2.07%,37.79,19.79%,16.68%,Alimentos,2.0,2024.0,,,,,
Batata,kg,5.0,9.26,46.3,2.12%,57.32,-19.22%,-5.48%,Alimentos,2.0,2024.0,,,,,
Laranja,kg,3.0,5.32,15.96,0.73%,15.96,0.00%,5.23%,Alimentos,2.0,2024.0,,,,,
Limão,kg,3.0,5.38,16.14,0.46%,7.68,31.25%,-42.28%,Alimentos,2.0,2024.0,,,,,
Banana,kg,12.0,10.19,122.28,5.59%,137.34,-10.97%,-8.69%,Alimentos,2.0,2024.0,,,,,
Peito de Frango,kg,6.5,18.18,118.04,5.40%,117.53,0.43%,-3.65%,Alimentos,2.0,2024.0,,,,,
Coxa de Frango,kg,6.5,11.69,75.99,3.48%,76.34,-0.46%,23.43%,Alimentos,2.0,2024.0,,,,,
Alcatra,kg,5.0,37.7,188.5,8.62%,208.48,-9.59%,-3.46%,Alimentos,2.0,2024.0,,,,,
Coxão Mole,kg,5.0,39.9,199.5,9.13%,194.61,2.51%,5.26%,Alimentos,2.0,2024.0,,,,,
Pernil,kg,3.0,17.82,53.46,2.45%,54.07,-1.12%,-17.32%,Alimentos,2.0,2024.0,,,,,
Cebola,kg,3.0,7.45,22.35,1.02%,16.33,36.86%,6.81%,Alimentos,2.0,2024.0,,,,,
Bisteca,kg,3.0,16.6,49.8,2.28%,51.49,-3.28%,-8.89%,Alimentos,2.0,2024.0,,,,,
Filé de Merluza,kg,2.0,44.89,89.78,4.11%,75.53,18.87%,9.43%,Alimentos,2.0,2024.0,,,,,
Tilapia,kg,2.0,35.97,71.94,3.12%,80.15,-10.19%,77.46%,Alimentos,2.0,2024.0,,,,,
Alface,Maço,15.0,3.74,56.1,2.57%,49.85,12.54%,-0.68%,Alimentos,2.0,2024.0,,,,,
Tomate,kg,10.0,7.96,79.6,3.64%,100.92,-21.13%,-13.60%,Alimentos,2.0,2024.0,,,,,
Alho,kg,0.5,22.7,11.35,0.52%,9.43,20.32%,3.80%,Alimentos,2.0,2024.0,,,,,
Refrigerante,Garrafa 2 litros,4.0,9.14,36.56,1.67%,36.35,0.57%,-3.82%,Alimentos,2.0,2024.0,,,,,
Chocolate,Barra 80g,4.0,5.6,22.4,1.02%,22.39,0.04%,-6.66%,Alimentos,2.0,2024.0,,,,,
Margarina,pote 500g,2.0,6.51,13.02,0.60%,13.79,-5.61%,-3.17%,Alimentos,2.0,2024.0,,,,,
Maçã,kg,12.0,13.4,160.8,7.36%,176.83,-9.07%,-7.82%,Alimentos,2.0,2024.0,,,,,
Achocolatado,Pacote 700g,1.0,13.79,13.79,0.63%,12.28,12.00%,-0.76%,Alimentos,2.0,2024.0,,,,,
Feijão Carioca,Pacote 1KG,3.0,8.49,25.47,1.17%,25.44,0.13%,8.21%,Alimentos,2.0,2024.0,,,,,
Molho de tomate,Pacote 300g,16.0,2.18,34.88,1.60%,38.93,-10.41%,-22.16%,Alimentos,2.0,2024.0,,,,,
Macarrão Tipo 8,Pacote 500g,8.0,3.89,31.12,1.42%,33.06,-5.88%,-5.15%,Alimentos,2.0,2024.0,,,,,
Papel higiênico,fardo com 12,1.0,19.68,19.68,0.90%,19.25,2.26%,-0.78%,Limpeza e Higiene,2.0,2024.0,,,,,
Pasta dente,90 Gramas,2.0,3.3,6.6,0.30%,6.62,-0.30%,-2.29%,Limpeza e Higiene,2.0,2024.0,,,,,
Detergente,Garrafa 500ml,4.0,2.17,8.68,0.40%,8.72,-0.46%,-3.32%,Limpeza e Higiene,2.0,2024.0,,,,,
Sabonete,Sabonete 80g,4.0,3.22,12.88,0.59%,12.43,-3.61%,2.33%,Limpeza e Higiene,2.0,2024.0,,,,,
Papel Toalha,fardo c/ 2,4.0,6.47,25.88,1.18%,29.68,-12.80%,6.54%,Limpeza e Higiene,2.0,2024.0,,,,,
Sabão em Pó,"1,6 kg",1.0,19.57,19.57,0.90%,20.16,-2.91%,-7.22%,Limpeza e Higiene,2.0,2024.0,,,,,
Shampoo,400ML,2.0,19.84,39.68,1.82%,42.03,-5.59%,-11.44%,Limpeza e Higiene,2.0,2024.0,,,,,
Álcool,Garrafa 1 litro,2.0,8.5,17.0,0.78%,20.82,-18.33%,-14.42%,Limpeza e Higiene,2.0,2024.0,,,,,
Arroz,Fardo 5Kg,2.0,30.4,60.8,2.40%,63.36,-4.04%,,Alimentos,2.0,2025.0,,,,,
Feijão Preto,Pacote 1KG,3.0,7.34,22.02,0.87%,24.93,-11.67%,,Alimentos,2.0,2025.0,,,,,
Açucar,Pacote 1KG,4.0,4.23,16.92,0.67%,17.0,-0.47%,,Alimentos,2.0,2025.0,,,,,
Sal,Pacote 1KG,1.0,2.69,2.69,0.11%,2.51,7.17%,,Alimentos,2.0,2025.0,,,,,
Café,Pacote 500g,3.0,30.1,90.33,3.57%,84.3,7.15%,,Alimentos,2.0,2025.0,,,,,
Leite,Caixa 1 litro,36.0,5.23,188.28,7.44%,177.12,6.30%,,Alimentos,2.0,2025.0,,,,,
Pão de Forma,Pacote 500g,10.0,7.5,75.0,2.96%,68.6,9.33%,,Alimentos,2.0,2025.0,,,,,
Óleo,Garrafa 900ml,2.0,7.55,15.1,0.60%,16.1,-6.21%,,Alimentos,2.0,2025.0,,,,,
Ovo,Caixa c/ 20,3.0,19.46,58.38,2.31%,37.98,53.71%,,Alimentos,2.0,2025.0,,,,,
Batata,kg,5.0,4.01,20.05,0.79%,21.55,-6.96%,,Alimentos,2.0,2025.0,,,,,
Laranja,kg,3.0,7.56,22.68,0.90%,24.27,-6.55%,,Alimentos,2.0,2025.0,,,,,
Limão,kg,3.0,5.13,15.39,0.61%,13.86,11.04%,,Alimentos,2.0,2025.0,,,,,
Banana,kg,12.0,11.76,141.12,5.58%,145.2,-2.81%,,Alimentos,2.0,2025.0,,,,,
Peito de Frango,kg,6.5,22.52,146.38,5.78%,153.86,-4.86%,,Alimentos,2.0,2025.0,,,,,
Coxa de Frango,kg,6.5,15.4,100.1,3.96%,95.49,4.83%,,Alimentos,2.0,2025.0,,,,,
Alcatra,kg,5.0,56.42,282.1,11.15%,277.4,1.69%,,Alimentos,2.0,2025.0,,,,,
Coxão Mole,kg,5.0,47.25,236.25,9.34%,249.5,-5.31%,,Alimentos,2.0,2025.0,,,,,
Pernil,kg,3.0,25.32,75.96,3.00%,70.53,7.70%,,Alimentos,2.0,2025.0,,,,,
Cebola,kg,3.0,3.21,9.63,0.38%,8.97,7.36%,,Alimentos,2.0,2025.0,,,,,
Bisteca,kg,3.0,20.78,62.34,2.46%,60.84,2.47%,,Alimentos,2.0,2025.0,,,,,
Filé de Merluza,kg,2.0,38.81,77.62,3.07%,89.7,-13.47%,,Alimentos,2.0,2025.0,,,,,
Tilápia,kg,2.0,54.47,108.94,4.31%,113.28,-3.83%,,Alimentos,2.0,2025.0,,,,,
Alface,Maço,15.0,4.26,63.9,2.53%,64.65,-1.16%,,Alimentos,2.0,2025.0,,,,,
Tomate,kg,10.0,7.72,77.2,3.05%,77.8,-0.77%,,Alimentos,2.0,2025.0,,,,,
Alho,kg,0.5,31.07,15.54,0.61%,11.67,33.18%,,Alimentos,2.0,2025.0,,,,,
Refrigerante,Garrafa 2 litros,4.0,10.49,41.96,1.66%,41.0,2.34%,,Alimentos,2.0,2025.0,,,,,
Chocolate,Barra 80g,4.0,7.55,30.2,1.19%,28.16,7.24%,,Alimentos,2.0,2025.0,,,,,
Margarina,pote 500g,2.0,7.2,14.4,0.57%,12.88,11.80%,,Alimentos,2.0,2025.0,,,,,
Maçã,kg,12.0,15.43,185.16,7.32%,180.12,2.80%,,Alimentos,2.0,2025.0,,,,,
Achocolatado,Pacote 700g,1.0,15.88,15.88,0.63%,16.27,-2.40%,,Alimentos,2.0,2025.0,,,,,
Feijão Carioca,Pacote 1KG,3.0,5.94,17.82,0.70%,18.93,-5.86%,,Alimentos,2.0,2025.0,,,,,
Molho de Tomate,Pacote 300g,16.0,2.5,40.0,1.58%,33.76,18.48%,,Alimentos,2.0,2025.0,,,,,
Macarrão Tipo 8,Pacote 500g,8.0,4.07,32.56,1.29%,35.04,-7.08%,,Alimentos,2.0,2025.0,,,,,
Papel Higiênico,Fardo com 12,1.0,19.46,19.46,0.77%,19.24,1.14%,,Limpeza e Higiene,2.0,2025.0,,,,,
Pasta de dente,90 Gramas,2.0,3.5,7.0,0.28%,7.14,-1.96%,,Limpeza e Higiene,2.0,2025.0,,,,,
Detergente,Garrafa 500ml,4.0,2.17,8.68,0.34%,8.32,4.33%,,Limpeza e Higiene,2.0,2025.0,,,,,
Sabonete,Sabonete 80g,4.0,3.0,12.0,0.47%,11.28,6.38%,,Limpeza e Higiene,2.0,2025.0,,,,,
Papel Toalha,Fardo c/ 2,4.0,6.49,25.96,1.03%,26.0,-0.15%,,Limpeza e Higiene,2.0,2025.0,,,,,
Sabão em Pó,"1,6kg",1.0,21.12,21.12,0.83%,21.9,-3.56%,,Limpeza e Higiene,2.0,2025.0,,,,,
Shampoo,400ML,2.0,26.8,53.6,2.12%,55.02,-2.58%,,Limpeza e Higiene,2.0,2025.0,,,,,
Álcool,Garrafa 1 litro,2.0,9.92,19.84,0.78%,14.86,33.51%,,Limpeza e Higiene,2.0,2025.0,,,,,
Arroz,Fardo 5Kg,2.0,31.71,63.42,2.87%,61.98,2.32%,-3.45%,Alimentos,1.0,2024.0,,,,,
Feijão Preto,Pacote 1KG,3.0,9.11,27.34,1.24%,25.56,6.95%,0.93%,Alimentos,1.0,2024.0,,,,,
Açucar,Pacote 1KG,4.0,4.3,17.21,0.78%,16.88,1.93%,-3.81%,Alimentos,1.0,2024.0,,,,,
Sal,Pacote 1KG,1.0,2.43,2.43,0.11%,2.38,2.10%,-3.65%,Alimentos,1.0,2024.0,,,,,
Café,Pacote 500g,3.0,16.44,49.33,2.23%,45.12,9.32%,3.17%,Alimentos,1.0,2024.0,,,,,
Leite,Caixa 1 litro,36.0,4.48,161.16,7.30%,144.72,11.36%,5.09%,Alimentos,1.0,2024.0,,,,,
Pão de Forma,Pacote 500g,10.0,6.26,62.56,2.83%,67.3,-7.04%,-12.27%,Alimentos,1.0,2024.0,,,,,
Óleo,Garrafa 900ml,2.0,6.01,12.02,0.54%,11.94,0.65%,-5.02%,Alimentos,1.0,2024.0,,,,,
Ovo,Caixa c/ 20,3.0,12.6,37.79,1.71%,36.99,2.16%,-3.59%,Alimentos,1.0,2024.0,,,,,
Batata,kg,5.0,11.46,57.32,2.60%,46.7,22.73%,15.82%,Alimentos,1.0,2024.0,,,,,
Laranja,kg,3.0,5.32,15.96,0.72%,14.46,10.37%,4.16%,Alimentos,1.0,2024.0,,,,,
Limão,kg,3.0,5.35,16.05,0.72%,16.65,-3.87%,-56.47%,Alimentos,1.0,2024.0,,,,,
Banana,kg,12.0,11.45,137.34,6.22%,127.68,7.57%,1.51%,Alimentos,1.0,2024.0,,,,,
Peito de Frango,kg,6.5,18.08,117.53,5.32%,116.81,0.62%,-5.04%,Alimentos,1.0,2024.0,,,,,
Coxa de Frango,kg,6.5,11.74,76.34,3.46%,58.7,30.06%,22.74%,Alimentos,1.0,2024.0,,,,,
Alcatra,kg,5.0,41.7,208.48,9.44%,186.15,12.00%,5.69%,Alimentos,1.0,2024.0,,,,,
Coxão Mole,kg,5.0,38.92,194.61,8.81%,180.7,7.70%,1.63%,Alimentos,1.0,2024.0,,,,,
Pernil,kg,3.0,18.02,54.07,2.45%,61.65,-12.30%,-17.24%,Alimentos,1.0,2024.0,,,,,
Cebola,kg,3.0,5.44,16.33,0.74%,19.95,-18.15%,-22.76%,Alimentos,1.0,2024.0,,,,,
Bisteca,kg,3.0,17.16,51.49,2.33%,52.11,-1.19%,-6.76%,Alimentos,1.0,2024.0,,,,,
Filé de Merluza,kg,2.0,37.76,75.53,3.42%,78.22,-3.44%,-8.88%,Alimentos,1.0,2024.0,,,,,
Tilapia,kg,2.0,40.08,80.15,3.68%,60.14,33.27%,27.65%,Alimentos,1.0,2024.0,,,,,
Alface,Maço,15.0,3.32,49.85,2.26%,53.85,-7.43%,-12.64%,Alimentos,1.0,2024.0,,,,,
Tomate,kg,10.0,10.09,100.92,4.57%,87.9,14.81%,8.35%,Alimentos,1.0,2024.0,,,,,
Alho,kg,0.5,18.87,9.43,0.43%,10.43,-9.51%,-14.61%,Alimentos,1.0,2024.0,,,,,
Refrigerante,Garrafa 2 litros,4.0,9.09,36.35,1.65%,36.24,0.31%,-3.34%,Alimentos,1.0,2024.0,,,,,
Chocolate,Barra 80g,4.0,5.6,22.39,1.01%,22.88,-2.14%,-7.65%,Alimentos,1.0,2024.0,,,,,
Margarina,pote 500g,2.0,6.9,13.79,0.62%,12.82,7.59%,1.53%,Alimentos,1.0,2024.0,,,,,
Maçã,kg,12.0,14.74,176.83,8.01%,166.32,6.32%,0.33%,Alimentos,1.0,2024.0,,,,,
Achocolatado,Pacote 700g,1.0,12.28,12.28,0.56%,13.21,-7.07%,-12.30%,Alimentos,1.0,2024.0,,,,,
Feijão Carioca,Pacote 1KG,3.0,8.48,25.44,1.15%,22.44,13.36%,6.97%,Alimentos,1.0,2024.0,,,,,
Molho de tomate,Pacote 300g,16.0,2.43,38.93,1.76%,42.72,-8.86%,-14.00%,Alimentos,1.0,2024.0,,,,,
Macarrão Tipo 8,Pacote 500g,8.0,4.13,33.06,1.50%,31.28,5.70%,-0.25%,Alimentos,1.0,2024.0,,,,,
Papel higiênico,fardo com 12,1.0,19.244707,19.244707,,18.91,1.77,,Limpeza e Higiene,1.0,2024.0,,,,,
Pasta dente,90 Gramas,2.0,14.14528,7.07264,,6.88,2.8,,Limpeza e Higiene,1.0,2024.0,,,,,
Detergente,Garrafa 500ml,4.0,34.880288,8.720072,,8.56,1.87,,Limpeza e Higiene,1.0,2024.0,,,,,
Sabonete,Sabonete 80g,4.0,56.9328,14.2332,,12.0,18.61,,Limpeza e Higiene,1.0,2024.0,,,,,
Papel Toalha,fardo c/ 2,4.0,118.71816,29.67954,,23.16,28.15,,Limpeza e Higiene,1.0,2024.0,,,,,
Sabão em Pó,1.6 kg,1.0,20.156253,20.156253,,20.11,0.23,,Limpeza e Higiene,1.0,2024.0,,,,,
Shampoo,400ML,2.0,84.055872,42.027936,,42.72,-1.62,,Limpeza e Higiene,1.0,2024.0,,,,,
Álcool,Garrafa 1 litro,2.0,41.633908,20.816954,,18.94,9.91,,Limpeza e Higiene,1.0,2024.0,,,,,
Arroz,Fardo 5Kg,2.0,31.68,63.36,2.53%,64.44,-1.68%,-14.81%,Alimentos,1.0,2025.0,,,,,
Feijão Preto,Pacote 1KG,3.0,8.31,24.93,1.00%,25.62,-2.69%,-18.72%,Alimentos,1.0,2025.0,,,,,
Açucar,Pacote 1KG,4.0,4.25,17.0,0.68%,17.16,-0.93%,-16.07%,Alimentos,1.0,2025.0,,,,,
Sal,Pacote 1KG,1.0,2.51,2.51,0.10%,2.44,2.87%,-12.11%,Alimentos,1.0,2025.0,,,,,
Café,Pacote 500g,3.0,28.1,84.3,3.37%,76.59,10.07%,55.70%,Alimentos,1.0,2025.0,,,,,
Leite,Caixa 1 litro,36.0,4.92,177.12,7.08%,183.24,-3.34%,1.99%,Alimentos,1.0,2025.0,,,,,
Pão de Forma,Pacote 500g,10.0,6.86,68.6,2.74%,70.4,-2.56%,-15.05%,Alimentos,1.0,2025.0,,,,,
Óleo,Garrafa 900ml,2.0,8.05,16.1,0.64%,16.08,0.12%,12.37%,Alimentos,1.0,2025.0,,,,,
Ovo,Caixa c/ 20,3.0,12.66,37.98,1.52%,44.37,-14.40%,-14.43%,Alimentos,1.0,2025.0,,,,,
Batata,kg,5.0,4.31,21.55,0.86%,20.8,3.61%,-61.54%,Alimentos,1.0,2025.0,,,,,
Laranja,kg,3.0,8.09,24.27,0.97%,25.08,-3.23%,39.87%,Alimentos,1.0,2025.0,,,,,
Limão,kg,3.0,4.62,13.86,0.55%,20.52,-32.46%,-30.63%,Alimentos,1.0,2025.0,,,,,
Banana,kg,12.0,12.1,145.2,5.81%,141.48,2.63%,-5.23%,Alimentos,1.0,2025.0,,,,,
Peito de Frango,kg,6.5,23.67,153.86,6.15%,144.17,6.72%,9.77%,Alimentos,1.0,2025.0,,,,,
Coxa de Frango,kg,6.5,14.69,95.49,3.82%,92.17,3.60%,35.57%,Alimentos,1.0,2025.0,,,,,
Alcatra,kg,5.0,55.48,277.4,11.09%,265.6,4.44%,24.19%,Alimentos,1.0,2025.0,,,,,
Coxão Mole,kg,5.0,49.9,249.5,9.98%,255.2,-2.23%,15.07%,Alimentos,1.0,2025.0,,,,,
Pernil,kg,3.0,23.51,70.53,2.82%,77.4,-8.88%,-4.66%,Alimentos,1.0,2025.0,,,,,
Cebola,kg,3.0,2.99,8.97,0.36%,11.97,-25.06%,-62.53%,Alimentos,1.0,2025.0,,,,,
Bisteca,kg,3.0,20.28,60.84,2.43%,60.63,0.35%,-2.70%,Alimentos,1.0,2025.0,,,,,
Filé de Merluza,kg,2.0,44.85,89.7,3.59%,91.84,-2.33%,-4.43%,Alimentos,1.0,2025.0,,,,,
Tilápia,kg,2.0,56.64,113.28,4.53%,114.2,-0.81%,56.97%,Alimentos,1.0,2025.0,,,,,
Alface,Maço,15.0,4.31,64.65,2.59%,57.3,12.83%,0.05%,Alimentos,1.0,2025.0,,,,,
Tomate,kg,10.0,7.78,77.8,3.11%,91.7,-15.16%,-26.24%,Alimentos,1.0,2025.0,,,,,
Alho,kg,0.5,23.33,11.67,0.47%,13.34,-12.52%,-6.75%,Alimentos,1.0,2025.0,,,,,
Refrigerante,Garrafa 2 litros,4.0,10.25,41.0,1.64%,41.12,-0.29%,-5.72%,Alimentos,1.0,2025.0,,,,,
Chocolate,Barra 80g,4.0,7.04,28.16,1.13%,27.04,4.14%,2.57%,Alimentos,1.0,2025.0,,,,,
Margarina,pote 500g,2.0,6.44,12.88,0.52%,12.64,1.90%,-16.27%,Alimentos,1.0,2025.0,,,,,
Maçã,kg,12.0,15.01,180.12,7.20%,183.12,-1.64%,-9.75%,Alimentos,1.0,2025.0,,,,,
Achocolatado,Pacote 700g,1.0,16.27,16.27,0.65%,15.61,4.23%,2.64%,Alimentos,1.0,2025.0,,,,,
Feijão Carioca,Pacote 1KG,3.0,6.31,18.93,0.76%,17.85,6.05%,-29.70%,Alimentos,1.0,2025.0,,,,,
Molho de Tomate,Pacote 300g,16.0,2.11,33.76,1.35%,36.0,-6.22%,-34.14%,Alimentos,1.0,2025.0,,,,,
Macarrão Tipo 8,Pacote 500g,8.0,4.38,35.04,1.40%,32.0,9.50%,-6.65%,Alimentos,1.0,2025.0,,,,,
Papel Higiênico,Fardo com 12,1.0,19.24,19.24,0.77%,19.67,-2.19%,-15.21%,Limpeza e Higiene,1.0,2025.0,,,,,
Pasta de dente,90 Gramas,2.0,3.57,7.14,0.29%,7.22,-1.11%,-7.61%,Limpeza e Higiene,1.0,2025.0,,,,,
Detergente,Garrafa 500ml,4.0,2.08,8.32,0.33%,8.6,-3.26%,-19.00%,Limpeza e Higiene,1.0,2025.0,,,,,
Sabonete,Sabonete 80g,4.0,2.82,11.28,0.45%,11.68,-3.42%,-21.66%,Limpeza e Higiene,1.0,2025.0,,,,,
Papel Toalha,Fardo c/ 2,4.0,6.5,26.0,1.04%,17.2,51.16%,-6.45%,Limpeza e Higiene,1.0,2025.0,,,,,
Sabão em Pó,"1,6kg",1.0,21.9,21.9,0.88%,20.56,6.83%,-9.25%,Limpeza e Higiene,1.0,2025.0,,,,,
Shampoo,400ML,2.0,27.51,55.02,2.20%,54.4,1.14%,7.33%,Limpeza e Higiene,1.0,2025.0,,,,,
Álcool,Garrafa 1 litro,2.0,7.43,14.86,0.59%,16.68,-10.91%,-34.62%,Limpeza e Higiene,1.0,2025.0,,,,,
Arroz,Fardo 5Kg,2.0,33.5,67.0,3.00%,67.56,-0.83%,0.97%,Alimentos,7.0,2024.0,,,,,
Feijão Preto,Pacote 1KG,3.0,7.26,21.78,0.98%,21.12,3.13%,-20.41%,Alimentos,7.0,2024.0,,,,,
Açucar,Pacote 1KG,4.0,3.98,15.92,0.71%,15.96,-0.25%,-11.91%,Alimentos,7.0,2024.0,,,,,
Sal,Pacote 1KG,1.0,2.56,2.56,0.11%,2.44,4.92%,0.47%,Alimentos,7.0,2024.0,,,,,
Café,Pacote 500g,3.0,19.28,57.84,2.58%,57.45,0.16%,19.11%,Alimentos,7.0,2024.0,,,,,
Leite,Caixa 1 litro,36.0,5.12,184.32,8.26%,193.68,-4.83%,18.96%,Alimentos,7.0,2024.0,,,,,
Pão de Forma,Pacote 500g,10.0,6.48,64.8,2.90%,67.0,-3.28%,-10.07%,Alimentos,7.0,2024.0,,,,,
Óleo,Garrafa 900ml,2.0,6.19,12.38,0.55%,12.0,3.17%,-3.16%,Alimentos,7.0,2024.0,,,,,
Ovo,Caixa c/ 20,3.0,12.43,37.29,1.67%,35.49,5.07%,-5.84%,Alimentos,7.0,2024.0,,,,,
Batata,kg,5.0,8.59,42.95,1.93%,57.15,-24.85%,-14.10%,Alimentos,7.0,2024.0,,,,,
Laranja,kg,3.0,5.89,17.67,0.79%,14.85,18.75%,14.14%,Alimentos,7.0,2024.0,,,,,
Limão,kg,3.0,5.63,16.89,0.49%,11.97,7.08%,-38.91%,Alimentos,7.0,2024.0,,,,,
Banana,kg,12.0,10.91,130.92,5.87%,135.84,-3.62%,-4.23%,Alimentos,7.0,2024.0,,,,,
Peito de Frango,kg,6.5,22.21,144.37,6.47%,134.94,6.98%,15.44%,Alimentos,7.0,2024.0,,,,,
Coxa de Frango,kg,6.5,13.93,90.55,4.06%,89.64,1.02%,44.09%,Alimentos,7.0,2024.0,,,,,
Alcatra,kg,5.0,39.61,198.05,8.88%,204.5,-3.15%,-0.65%,Alimentos,7.0,2024.0,,,,,
Coxão Mole,kg,5.0,35.95,179.75,8.06%,175.3,2.54%,-7.09%,Alimentos,7.0,2024.0,,,,,
Pernil,kg,3.0,15.9,47.7,2.14%,45.78,4.19%,-27.78%,Alimentos,7.0,2024.0,,,,,
Cebola,kg,3.0,6.56,19.68,0.88%,24.39,-19.31%,-7.86%,Alimentos,7.0,2024.0,,,,,
Bisteca,kg,3.0,16.24,48.72,2.18%,46.71,4.30%,-12.62%,Alimentos,7.0,2024.0,,,,,
Filé de Merluza,kg,2.0,39.74,79.48,3.56%,81.78,-2.81%,-5.09%,Alimentos,7.0,2024.0,,,,,
Tilapia,kg,2.0,64.78,129.56,5.81%,129.26,0.23%,101.22%,Alimentos,7.0,2024.0,,,,,
Alface,Maço,15.0,3.61,54.15,2.43%,57.3,-5.50%,-6.08%,Alimentos,7.0,2024.0,,,,,
Tomate,kg,10.0,6.61,66.1,2.96%,85.6,-22.78%,-29.76%,Alimentos,7.0,2024.0,,,,,
Alho,kg,0.5,29.9,14.95,0.67%,15.45,-3.24%,33.94%,Alimentos,7.0,2024.0,,,,,
Refrigerante,Garrafa 2 litros,4.0,9.47,37.88,1.70%,38.52,-1.66%,-2.30%,Alimentos,7.0,2024.0,,,,,
Chocolate,Barra 80g,4.0,6.25,25.0,1.12%,24.32,2.80%,2.06%,Alimentos,7.0,2024.0,,,,,
Margarina,pote 500g,2.0,6.44,12.88,0.58%,11.46,12.39%,-6.16%,Alimentos,7.0,2024.0,,,,,
Maçã,kg,12.0,13.88,166.56,7.47%,153.6,8.44%,-6.46%,Alimentos,7.0,2024.0,,,,,
Achocolatado,Pacote 700g,1.0,15.25,15.25,0.68%,15.3,-0.33%,7.88%,Alimentos,7.0,2024.0,,,,,
Feijão Carioca,Pacote 1KG,3.0,6.89,20.67,0.93%,19.32,6.99%,-13.98%,Alimentos,7.0,2024.0,,,,,
Molho de tomate,Pacote 300g,16.0,2.35,37.6,1.69%,34.88,7.80%,-17.79%,Alimentos,7.0,2024.0,,,,,
Macarrão Tipo 8,Pacote 500g,8.0,3.96,29.2,1.31%,28.48,2.53%,-12.81%,Alimentos,7.0,2024.0,,,,,
Papel higiênico,fardo com 12,1.0,19.73,19.73,0.88%,18.69,5.56%,-2.55%,Limpeza e Higiene,7.0,2024.0,,,,,
Pasta dente,90 Gramas,2.0,3.39,6.78,0.30%,7.04,-3.69%,-1.67%,Limpeza e Higiene,7.0,2024.0,,,,,
Detergente,Garrafa 500ml,4.0,2.23,8.92,0.40%,8.6,3.72%,-2.67%,Limpeza e Higiene,7.0,2024.0,,,,,
Sabonete,Sabonete 80g,4.0,2.93,11.72,0.53%,11.24,4.27%,-8.78%,Limpeza e Higiene,7.0,2024.0,,,,,
Papel Toalha,fardo c/ 2,4.0,4.38,17.52,0.79%,20.24,-13.44%,-29.34%,Limpeza e Higiene,7.0,2024.0,,,,,
Sabão em Pó,"1,6 kg",1.0,20.25,20.25,0.91%,20.02,1.15%,-5.95%,Limpeza e Higiene,7.0,2024.0,,,,,
Shampoo,400ML,2.0,22.83,45.66,2.05%,50.32,-9.26%,-0.17%,Limpeza e Higiene,7.0,2024.0,,,,,
Álcool,Garrafa 1 litro,2.0,8.1,16.2,0.73%,16.48,-1.70%,-20.11%,Limpeza e Higiene,7.0,2024.0,,,,,
Arroz,Fardo 5Kg,2.0,27.71,55.42,2.23%,54.02,2.59%,-24.92%,Alimentos,7.0,2025.0,,,,,
Feijão Preto,Pacote 1KG,3.0,5.28,15.84,0.64%,16.89,-6.22%,-78.54%,Alimentos,7.0,2025.0,,,,,
Açucar,Pacote 1KG,4.0,4.67,18.68,0.75%,17.44,7.11%,-74.69%,Alimentos,7.0,2025.0,,,,,
Sal,Pacote 1KG,1.0,2.94,2.94,0.12%,2.89,1.73%,-96.02%,Alimentos,7.0,2025.0,,,,,
Café,Pacote 500g,3.0,33.49,100.47,4.03%,108.81,-7.66%,36.10%,Alimentos,7.0,2025.0,,,,,
Leite,Caixa 1 litro,36.0,5.13,184.68,7.44%,189.72,-2.66%,150.18%,Alimentos,7.0,2025.0,,,,,
Pão de Forma,Pacote 500g,10.0,7.63,76.3,3.07%,85.1,-10.34%,3.36%,Alimentos,7.0,2025.0,,,,,
Óleo,Garrafa 900ml,2.0,7.17,14.34,0.58%,14.4,-0.42%,-80.57%,Alimentos,7.0,2025.0,,,,,
Ovo,Caixa c/ 20,3.0,14.6,43.8,1.76%,43.8,0.00%,-40.67%,Alimentos,7.0,2025.0,,,,,
Batata,kg,5.0,3.52,17.6,0.71%,27.1,-35.06%,-76.16%,Alimentos,7.0,2025.0,,,,,
Laranja,kg,3.0,4.56,13.68,0.55%,16.32,-16.18%,-81.47%,Alimentos,7.0,2025.0,,,,,
Limão,kg,3.0,5.16,15.48,0.62%,15.48,0.00%,-79.03%,Alimentos,7.0,2025.0,,,,,
Banana,kg,12.0,10.79,129.48,5.22%,127.92,1.22%,75.40%,Alimentos,7.0,2025.0,,,,,
Peito de Frango,kg,6.5,23.48,152.62,6.15%,148.46,2.80%,106.75%,Alimentos,7.0,2025.0,,,,,
Coxa de Frango,kg,6.5,15.85,103.03,4.15%,103.03,0.00%,39.57%,Alimentos,7.0,2025.0,,,,,
Alcatra,kg,5.0,52.75,263.75,10.63%,277.85,-5.07%,257.30%,Alimentos,7.0,2025.0,,,,,
Coxão Mole,kg,5.0,48.67,243.35,9.81%,265.5,-8.34%,229.66%,Alimentos,7.0,2025.0,,,,,
Pernil,kg,3.0,22.94,68.82,2.77%,83.16,-17.24%,-6.77%,Alimentos,7.0,2025.0,,,,,
Cebola,kg,3.0,2.76,8.28,0.33%,14.16,-41.53%,-88.78%,Alimentos,7.0,2025.0,,,,,
Bisteca,kg,3.0,19.75,59.25,2.39%,63.66,-6.93%,-19.74%,Alimentos,7.0,2025.0,,,,,
Filé de Merluza,kg,2.0,42.18,84.36,3.40%,109.18,-22.73%,14.28%,Alimentos,7.0,2025.0,,,,,
Tilápia,kg,2.0,59.59,119.18,4.80%,124.18,-4.03%,61.45%,Alimentos,7.0,2025.0,,,,,
Alface,Maço,15.0,3.82,57.3,2.31%,66.6,-13.96%,-22.38%,Alimentos,7.0,2025.0,,,,,
Tomate,kg,10.0,9.73,97.3,3.92%,116.0,-16.12%,31.81%,Alimentos,7.0,2025.0,,,,,
Alho,kg,0.5,27.27,13.64,0.55%,15.22,-10.38%,-81.53%,Alimentos,7.0,2025.0,,,,,
Refrigerante,Garrafa 2 litros,4.0,11.11,44.44,1.79%,42.0,5.81%,-39.80%,Alimentos,7.0,2025.0,,,,,
Chocolate,Barra 80g,4.0,7.59,30.36,1.22%,29.68,2.29%,-58.87%,Alimentos,7.0,2025.0,,,,,
Margarina,pote 500g,2.0,7.68,15.36,0.62%,16.24,-5.42%,-79.19%,Alimentos,7.0,2025.0,,,,,
Maçã,kg,12.0,12.94,155.28,6.26%,167.28,-7.17%,110.35%,Alimentos,7.0,2025.0,,,,,
Achocolatado,Pacote 700g,1.0,15.95,15.95,0.64%,16.53,-3.51%,-78.39%,Alimentos,7.0,2025.0,,,,,
Feijão Carioca,Pacote 1KG,3.0,6.1,18.3,0.74%,19.38,-5.57%,-75.21%,Alimentos,7.0,2025.0,,,,,
Molho de Tomate,Pacote 300g,16.0,2.49,39.84,1.61%,42.56,-6.39%,-46.03%,Alimentos,7.0,2025.0,,,,,
Macarrão Tipo 8,Pacote 500g,8.0,3.95,31.6,1.27%,32.24,-1.99%,-57.19%,Alimentos,7.0,2025.0,,,,,
Papel Higiênico,Fardo com 12,1.0,21.63,21.63,0.87%,20.19,7.13%,,Limpeza e Higiene,7.0,2025.0,,,,,
Pasta de dente,90 Gramas,2.0,3.74,7.48,0.30%,7.8,-4.10%,,Limpeza e Higiene,7.0,2025.0,,,,,
Detergente,Garrafa 500ml,4.0,2.35,9.4,0.38%,9.44,-0.42%,,Limpeza e Higiene,7.0,2025.0,,,,,
Sabonete,Sabonete 80g,4.0,3.09,12.36,0.50%,11.96,3.34%,,Limpeza e Higiene,7.0,2025.0,,,,,
Papel Toalha,Fardo c/ 2,4.0,6.12,24.48,0.99%,19.96,22.65%,,Limpeza e Higiene,7.0,2025.0,,,,,
Sabão em Pó,"1,6kg",1.0,22.86,22.86,0.92%,22.81,0.22%,,Limpeza e Higiene,7.0,2025.0,,,,,
Shampoo,400ML,2.0,25.73,51.46,2.07%,55.24,-6.84%,,Limpeza e Higiene,7.0,2025.0,,,,,
Álcool,Garrafa 1 litro,2.0,10.66,21.32,0.86%,17.38,22.67%,,Limpeza e Higiene,7.0,2025.0,,,,,
Arroz,Fardo 5Kg,2.0,33.78,67.56,2.99%,67.48,0.12%,0.50%,Alimentos,6.0,2024.0,,,,,
Feijão Preto,Pacote 1KG,3.0,7.04,21.12,0.93%,22.05,-4.22%,-23.81%,Alimentos,6.0,2024.0,,,,,
Açucar,Pacote 1KG,4.0,3.99,15.96,0.71%,16.24,-1.72%,-12.82%,Alimentos,6.0,2024.0,,,,,
Sal,Pacote 1KG,1.0,2.44,2.44,0.11%,2.58,-5.43%,-5.47%,Alimentos,6.0,2024.0,,,,,
Café,Pacote 500g,3.0,19.15,57.45,2.54%,55.17,4.13%,17.40%,Alimentos,6.0,2024.0,,,,,
Leite,Caixa 1 litro,36.0,5.38,193.68,8.57%,182.52,6.11%,23.40%,Alimentos,6.0,2024.0,,,,,
Pão de Forma,Pacote 500g,10.0,6.7,67.0,2.96%,61.9,8.24%,-8.21%,Alimentos,6.0,2024.0,,,,,
Óleo,Garrafa 900ml,2.0,6.0,12.0,0.53%,10.7,12.15%,-7.33%,Alimentos,6.0,2024.0,,,,,
Ovo,Caixa c/ 20,3.0,11.83,35.49,1.57%,39.69,-10.58%,-11.54%,Alimentos,6.0,2024.0,,,,,
Batata,kg,5.0,11.43,57.15,2.53%,52.8,8.24%,12.84%,Alimentos,6.0,2024.0,,,,,
Laranja,kg,3.0,4.95,14.85,0.66%,18.18,-18.15%,-5.12%,Alimentos,6.0,2024.0,,,,,
Limão,kg,3.0,3.99,11.97,0.45%,16.47,-27.87%,-43.68%,Alimentos,6.0,2024.0,,,,,
Banana,kg,12.0,11.32,135.84,6.01%,116.52,16.58%,-1.90%,Alimentos,6.0,2024.0,,,,,
Peito de Frango,kg,6.5,20.76,134.94,5.97%,130.26,2.06%,6.52%,Alimentos,6.0,2024.0,,,,,
Coxa de Frango,kg,6.5,13.79,89.64,3.97%,91.2,-1.71%,40.81%,Alimentos,6.0,2024.0,,,,,
Alcatra,kg,5.0,40.9,204.5,9.05%,188.5,8.49%,1.29%,Alimentos,6.0,2024.0,,,,,
Coxão Mole,kg,5.0,35.06,175.3,7.76%,183.1,-4.26%,-10.55%,Alimentos,6.0,2024.0,,,,,
Pernil,kg,3.0,15.26,45.78,2.03%,52.98,-13.10%,-31.53%,Alimentos,6.0,2024.0,,,,,
Cebola,kg,3.0,8.13,24.39,1.08%,23.97,1.75%,12.72%,Alimentos,6.0,2024.0,,,,,
Bisteca,kg,3.0,15.57,46.71,2.07%,48.39,-3.47%,-17.35%,Alimentos,6.0,2024.0,,,,,
Filé de Merluza,kg,2.0,40.89,81.78,3.62%,83.14,-1.64%,-3.60%,Alimentos,6.0,2024.0,,,,,
Tilapia,kg,2.0,64.63,129.26,5.72%,121.82,6.11%,98.17%,Alimentos,6.0,2024.0,,,,,
Alface,Maço,15.0,3.82,57.3,2.54%,64.35,-10.96%,-1.89%,Alimentos,6.0,2024.0,,,,,
Tomate,kg,10.0,8.56,85.6,3.79%,112.9,-24.18%,-10.21%,Alimentos,6.0,2024.0,,,,,
Alho,kg,0.5,30.9,15.45,0.68%,15.45,0.00%,36.56%,Alimentos,6.0,2024.0,,,,,
Refrigerante,Garrafa 2 litros,4.0,9.63,38.52,1.70%,37.72,2.12%,-2.00%,Alimentos,6.0,2024.0,,,,,
Chocolate,Barra 80g,4.0,6.08,24.32,1.08%,23.76,2.36%,-1.99%,Alimentos,6.0,2024.0,,,,,
Margarina,pote 500g,2.0,5.73,11.46,0.51%,13.54,-15.36%,-17.58%,Alimentos,6.0,2024.0,,,,,
Maçã,kg,12.0,12.3,153.6,6.80%,158.76,-3.25%,-14.85%,Alimentos,6.0,2024.0,,,,,
Achocolatado,Pacote 700g,1.0,15.3,15.3,0.68%,12.64,21.05%,6.79%,Alimentos,6.0,2024.0,,,,,
Feijão Carioca,Pacote 1KG,3.0,6.44,19.32,0.85%,21.9,-11.80%,-20.62%,Alimentos,6.0,2024.0,,,,,
Molho de tomate,Pacote 300g,16.0,2.18,34.88,1.54%,42.88,-18.66%,-24.72%,Alimentos,6.0,2024.0,,,,,
Macarrão Tipo 8,Pacote 500g,8.0,3.56,28.48,1.26%,30.56,-6.81%,-16.05%,Alimentos,6.0,2024.0,,,,,
Papel higiênico,fardo com 12,1.0,18.69,18.69,0.83%,19.31,-3.21%,-8.87%,Limpeza e Higiene,6.0,2024.0,,,,,
Pasta dente,90 Gramas,2.0,3.52,7.04,0.31%,5.98,17.73%,0.79%,Limpeza e Higiene,6.0,2024.0,,,,,
Detergente,Garrafa 500ml,4.0,2.15,8.6,0.38%,8.16,5.39%,-7.37%,Limpeza e Higiene,6.0,2024.0,,,,,
Sabonete,Sabonete 80g,4.0,2.81,11.24,0.50%,12.36,-9.06%,-13.64%,Limpeza e Higiene,6.0,2024.0,,,,,
Papel Toalha,fardo c/ 2,4.0,5.06,20.24,0.90%,20.16,0.40%,-19.42%,Limpeza e Higiene,6.0,2024.0,,,,,
Sabão em Pó,"1,6 kg",1.0,20.02,20.02,0.89%,20.56,-2.63%,-8.21%,Limpeza e Higiene,6.0,2024.0,,,,,
Shampoo,400ML,2.0,25.16,50.32,2.23%,47.36,6.25%,8.61%,Limpeza e Higiene,6.0,2024.0,,,,,
Álcool,Garrafa 1 litro,2.0,8.24,16.48,0.73%,18.26,-9.75%,-19.77%,Limpeza e Higiene,6.0,2024.0,,,,,
Arroz,Fardo 5Kg,2.0,27.01,54.02,2.05%,55.78,-3.16%,-31.15%,Alimentos,6.0,2025.0,,,,,
Feijão Preto,Pacote 1KG,3.0,5.63,16.89,0.64%,18.69,-9.63%,-78.47%,Alimentos,6.0,2025.0,,,,,
Açucar,Pacote 1KG,4.0,4.36,17.44,0.66%,17.48,-0.23%,-77.77%,Alimentos,6.0,2025.0,,,,,
Sal,Pacote 1KG,1.0,2.89,2.89,0.11%,2.54,13.78%,-96.32%,Alimentos,6.0,2025.0,,,,,
Café,Pacote 500g,3.0,36.27,108.81,4.13%,105.12,3.51%,38.69%,Alimentos,6.0,2025.0,,,,,
Leite,Caixa 1 litro,36.0,5.27,189.72,7.19%,189.0,0.38%,141.82%,Alimentos,6.0,2025.0,,,,,
Pão de Forma,Pacote 500g,10.0,8.51,85.1,3.23%,80.5,5.71%,8.47%,Alimentos,6.0,2025.0,,,,,
Óleo,Garrafa 900ml,2.0,7.2,14.4,0.55%,14.28,0.84%,-81.65%,Alimentos,6.0,2025.0,,,,,
Ovo,Caixa c/ 20,3.0,14.6,43.8,1.66%,44.28,-1.08%,-44.17%,Alimentos,6.0,2025.0,,,,,
Batata,kg,5.0,5.42,27.1,1.03%,27.3,-0.73%,-65.46%,Alimentos,6.0,2025.0,,,,,
Laranja,kg,3.0,5.44,16.32,0.62%,18.27,-10.67%,-79.20%,Alimentos,6.0,2025.0,,,,,
Limão,kg,3.0,5.16,15.48,0.59%,11.34,36.51%,-80.27%,Alimentos,6.0,2025.0,,,,,
Banana,kg,12.0,10.66,127.92,4.85%,135.12,-5.33%,63.05%,Alimentos,6.0,2025.0,,,,,
Peito de Frango,kg,6.5,22.84,148.46,5.63%,156.65,-5.23%,89.23%,Alimentos,6.0,2025.0,,,,,
Coxa de Frango,kg,6.5,15.85,103.03,3.91%,108.68,-5.20%,31.32%,Alimentos,6.0,2025.0,,,,,
Alcatra,kg,5.0,55.57,277.85,10.53%,284.6,-2.37%,254.15%,Alimentos,6.0,2025.0,,,,,
Coxão Mole,kg,5.0,53.1,265.5,10.07%,255.35,3.97%,238.41%,Alimentos,6.0,2025.0,,,,,
Pernil,kg,3.0,27.72,83.16,3.15%,71.19,16.81%,6.00%,Alimentos,6.0,2025.0,,,,,
Cebola,kg,3.0,4.72,14.16,0.54%,10.68,32.58%,-81.95%,Alimentos,6.0,2025.0,,,,,
Bisteca,kg,3.0,21.22,63.66,2.41%,61.47,3.56%,-18.86%,Alimentos,6.0,2025.0,,,,,
Filé de Merluza,kg,2.0,54.59,109.18,4.14%,92.8,17.65%,39.16%,Alimentos,6.0,2025.0,,,,,
Tilápia,kg,2.0,62.09,124.18,4.71%,126.4,-1.76%,58.28%,Alimentos,6.0,2025.0,,,,,
Alface,Maço,15.0,4.44,66.6,2.53%,55.65,19.68%,-15.11%,Alimentos,6.0,2025.0,,,,,
Tomate,kg,10.0,11.6,116.0,4.40%,97.8,18.61%,47.86%,Alimentos,6.0,2025.0,,,,,
Alho,kg,0.5,30.43,15.22,0.58%,12.57,21.09%,-80.61%,Alimentos,6.0,2025.0,,,,,
Refrigerante,Garrafa 2 litros,4.0,10.5,42.0,1.59%,41.8,0.48%,-46.47%,Alimentos,6.0,2025.0,,,,,
Chocolate,Barra 80g,4.0,7.42,29.68,1.13%,29.48,0.68%,-62.17%,Alimentos,6.0,2025.0,,,,,
Margarina,pote 500g,2.0,8.12,16.24,0.62%,16.82,-3.45%,-79.30%,Alimentos,6.0,2025.0,,,,,
Maçã,kg,12.0,13.94,167.28,6.34%,157.68,6.09%,113.22%,Alimentos,6.0,2025.0,,,,,
Achocolatado,Pacote 700g,1.0,16.53,16.53,0.63%,17.33,-4.62%,-78.93%,Alimentos,6.0,2025.0,,,,,
Feijão Carioca,Pacote 1KG,3.0,6.46,19.38,0.73%,20.16,-3.87%,-75.30%,Alimentos,6.0,2025.0,,,,,
Molho de Tomate,Pacote 300g,16.0,2.66,42.56,1.61%,40.64,4.72%,-45.75%,Alimentos,6.0,2025.0,,,,,
Macarrão Tipo 8,Pacote 500g,8.0,4.03,32.24,1.22%,32.64,-1.23%,-58.91%,Alimentos,6.0,2025.0,,,,,
Papel Higiênico,Fardo com 12,1.0,20.19,20.19,0.77%,21.44,-5.83%,-15.65%,Limpeza e Higiene,6.0,2025.0,,,,,
Pasta de dente,90 Gramas,2.0,3.9,7.8,0.30%,7.2,8.33%,-67.41%,Limpeza e Higiene,6.0,2025.0,,,,,
Detergente,Garrafa 500ml,4.0,2.36,9.44,0.36%,9.16,3.06%,-60.56%,Limpeza e Higiene,6.0,2025.0,,,,,
Sabonete,Sabonete 80g,4.0,2.99,11.96,0.45%,12.96,-7.72%,-50.03%,Limpeza e Higiene,6.0,2025.0,,,,,
Papel Toalha,Fardo c/ 2,4.0,4.99,19.96,0.76%,27.92,-28.51%,-16.61%,Limpeza e Higiene,6.0,2025.0,,,,,
Sabão em Pó,"1,6kg",1.0,22.81,22.81,0.86%,21.9,4.16%,-4.71%,Limpeza e Higiene,6.0,2025.0,,,,,
Shampoo,400ML,2.0,27.62,55.24,2.09%,54.18,1.96%,130.78%,Limpeza e Higiene,6.0,2025.0,,,,,
Álcool,Garrafa 1 litro,2.0,8.69,17.38,0.66%,17.94,-3.12%,-27.39%,Limpeza e Higiene,6.0,2025.0,,,,,
Arroz,Fardo 5Kg,2.0,33.74,67.48,2.98%,63.54,6.20%,0.07%,Alimentos,5.0,2024.0,,,,,
Feijão Preto,Pacote 1KG,3.0,7.35,22.05,0.97%,26.01,-15.22%,-20.70%,Alimentos,5.0,2024.0,,,,,
Açucar,Pacote 1KG,4.0,4.06,16.24,0.72%,16.76,-3.10%,-11.57%,Alimentos,5.0,2024.0,,,,,
Sal,Pacote 1KG,1.0,2.58,2.58,0.11%,2.53,1.98%,-0.36%,Alimentos,5.0,2024.0,,,,,
Café,Pacote 500g,3.0,18.9,55.17,2.43%,53.55,3.03%,12.39%,Alimentos,5.0,2024.0,,,,,
Leite,Caixa 1 litro,36.0,5.07,182.52,8.05%,171.72,6.29%,15.93%,Alimentos,5.0,2024.0,,,,,
Pão de Forma,Pacote 500g,10.0,6.19,61.9,2.73%,66.1,-6.35%,-15.46%,Alimentos,5.0,2024.0,,,,,
Óleo,Garrafa 900ml,2.0,5.35,10.7,0.47%,11.02,-2.90%,-17.63%,Alimentos,5.0,2024.0,,,,,
Ovo,Caixa c/ 20,3.0,13.23,39.69,1.75%,40.08,-0.97%,-1.37%,Alimentos,5.0,2024.0,,,,,
Batata,kg,5.0,10.56,52.8,2.33%,29.4,79.59%,3.92%,Alimentos,5.0,2024.0,,,,,
Laranja,kg,3.0,6.06,18.18,0.80%,14.25,27.58%,15.57%,Alimentos,5.0,2024.0,,,,,
Limão,kg,3.0,5.49,16.47,0.46%,13.77,34.75%,-42.20%,Alimentos,5.0,2024.0,,,,,
Banana,kg,12.0,9.71,116.52,5.14%,126.36,-7.79%,-16.12%,Alimentos,5.0,2024.0,,,,,
Peito de Frango,kg,6.5,20.04,130.26,5.83%,125.97,4.95%,4.04%,Alimentos,5.0,2024.0,,,,,
Coxa de Frango,kg,6.5,14.03,91.2,4.02%,78.2,16.63%,42.81%,Alimentos,5.0,2024.0,,,,,
Alcatra,kg,5.0,37.7,188.5,8.32%,177.15,6.41%,-6.92%,Alimentos,5.0,2024.0,,,,,
Coxão Mole,kg,5.0,36.62,183.1,8.08%,173.8,5.35%,-6.86%,Alimentos,5.0,2024.0,,,,,
Pernil,kg,3.0,17.66,52.98,2.32%,51.6,2.09%,-21.46%,Alimentos,5.0,2024.0,,,,,
Cebola,kg,3.0,7.99,23.97,1.06%,30.69,-21.90%,10.44%,Alimentos,5.0,2024.0,,,,,
Bisteca,kg,3.0,16.13,48.39,2.13%,46.95,3.07%,-14.44%,Alimentos,5.0,2024.0,,,,,
Filé de Merluza,kg,2.0,41.57,83.14,3.67%,87.08,-4.52%,-2.30%,Alimentos,5.0,2024.0,,,,,
Tilapia,kg,2.0,60.91,121.82,5.37%,125.6,-3.01%,86.19%,Alimentos,5.0,2024.0,,,,,
Alface,Maço,15.0,4.29,64.35,2.84%,64.35,0.00%,9.84%,Alimentos,5.0,2024.0,,,,,
Tomate,kg,10.0,11.29,112.9,4.98%,100.7,12.12%,18.06%,Alimentos,5.0,2024.0,,,,,
Alho,kg,0.5,30.9,15.45,0.68%,14.12,9.46%,36.22%,Alimentos,5.0,2024.0,,,,,
Refrigerante,Garrafa 2 litros,4.0,9.43,37.72,1.66%,37.44,0.75%,-4.33%,Alimentos,5.0,2024.0,,,,,
Chocolate,Barra 80g,4.0,5.94,23.76,1.05%,23.0,3.30%,-4.55%,Alimentos,5.0,2024.0,,,,,
Margarina,pote 500g,2.0,6.77,13.54,0.60%,13.62,-0.59%,-2.92%,Alimentos,5.0,2024.0,,,,,
Maçã,kg,12.0,13.23,158.76,7.00%,150.72,5.33%,-12.26%,Alimentos,5.0,2024.0,,,,,
Achocolatado,Pacote 700g,1.0,12.64,12.64,0.55%,13.97,-10.24%,-12.74%,Alimentos,5.0,2024.0,,,,,
Feijão Carioca,Pacote 1KG,3.0,7.3,21.9,0.93%,21.78,-3.58%,-13.98%,Alimentos,5.0,2024.0,,,,,
Molho de tomate,Pacote 300g,16.0,2.68,42.88,1.89%,41.28,3.88%,-7.74%,Alimentos,5.0,2024.0,,,,,
Macarrão Tipo 8,Pacote 500g,8.0,3.82,30.56,1.35%,30.96,-1.29%,-10.20%,Alimentos,5.0,2024.0,,,,,
Papel higiênico,fardo com 12,1.0,19.31,19.31,0.85%,18.45,4.66%,-5.14%,Limpeza e Higiene,5.0,2024.0,,,,,
Pasta dente,90 Gramas,2.0,2.99,5.98,0.26%,6.74,-11.28%,-14.65%,Limpeza e Higiene,5.0,2024.0,,,,,
Detergente,Garrafa 500ml,4.0,2.04,8.16,0.36%,8.4,-2.86%,-12.38%,Limpeza e Higiene,5.0,2024.0,,,,,
Sabonete,Sabonete 80g,4.0,3.09,12.36,0.55%,11.44,8.04%,-5.32%,Limpeza e Higiene,5.0,2024.0,,,,,
Papel Toalha,fardo c/ 2,4.0,5.04,20.16,0.89%,21.04,-4.18%,-19.99%,Limpeza e Higiene,5.0,2024.0,,,,,
Sabão em Pó,"1,6 kg",1.0,20.56,20.56,0.91%,19.87,3.47%,-6.03%,Limpeza e Higiene,5.0,2024.0,,,,,
Shampoo,400ML,2.0,23.68,47.36,2.09%,47.38,-0.04%,1.90%,Limpeza e Higiene,5.0,2024.0,,,,,
Álcool,Garrafa 1 litro,2.0,9.13,18.26,0.81%,15.18,20.29%,-11.38%,Limpeza e Higiene,5.0,2024.0,,,,,
Arroz,Fardo 5Kg,2.0,27.89,55.78,2.16%,56.3,-0.92%,,Alimentos,5.0,2025.0,,,,,
Feijão Preto,Pacote 1KG,3.0,6.23,18.69,0.72%,19.59,-4.59%,,Alimentos,5.0,2025.0,,,,,
Açucar,Pacote 1KG,4.0,4.37,17.48,0.68%,16.92,3.31%,,Alimentos,5.0,2025.0,,,,,
Sal,Pacote 1KG,1.0,2.54,2.54,0.10%,2.77,-8.30%,,Alimentos,5.0,2025.0,,,,,
Café,Pacote 500g,3.0,35.04,105.12,4.07%,102.78,2.28%,,Alimentos,5.0,2025.0,,,,,
Leite,Caixa 1 litro,36.0,5.25,189.0,7.32%,180.36,4.79%,,Alimentos,5.0,2025.0,,,,,
Pão de Forma,Pacote 500g,10.0,8.05,80.5,3.12%,76.8,4.82%,,Alimentos,5.0,2025.0,,,,,
Óleo,Garrafa 900ml,2.0,7.14,14.28,0.55%,14.64,-2.46%,,Alimentos,5.0,2025.0,,,,,
Ovo,Caixa c/ 20,3.0,14.76,44.28,1.71%,51.6,-14.19%,,Alimentos,5.0,2025.0,,,,,
Batata,kg,5.0,5.46,27.3,1.06%,30.9,-11.65%,,Alimentos,5.0,2025.0,,,,,
Laranja,kg,3.0,6.09,18.27,0.71%,20.28,-9.91%,,Alimentos,5.0,2025.0,,,,,
Limão,kg,3.0,3.78,11.34,0.44%,9.57,18.50%,,Alimentos,5.0,2025.0,,,,,
Banana,kg,12.0,11.26,135.12,5.23%,141.12,-4.25%,,Alimentos,5.0,2025.0,,,,,
Peito de Frango,kg,6.5,24.1,156.65,6.07%,147.29,6.35%,,Alimentos,5.0,2025.0,,,,,
Coxa de Frango,kg,6.5,16.72,108.68,4.21%,104.85,3.66%,,Alimentos,5.0,2025.0,,,,,
Alcatra,kg,5.0,56.92,284.6,11.02%,260.65,9.19%,,Alimentos,5.0,2025.0,,,,,
Coxão Mole,kg,5.0,51.07,255.35,9.89%,239.25,6.73%,,Alimentos,5.0,2025.0,,,,,
Pernil,kg,3.0,23.73,71.19,2.76%,70.62,0.81%,,Alimentos,5.0,2025.0,,,,,
Cebola,kg,3.0,3.56,10.68,0.41%,11.64,-8.25%,,Alimentos,5.0,2025.0,,,,,
Bisteca,kg,3.0,20.49,61.47,2.38%,61.11,0.59%,,Alimentos,5.0,2025.0,,,,,
Filé de Merluza,kg,2.0,46.4,92.8,3.59%,93.1,-0.32%,,Alimentos,5.0,2025.0,,,,,
Tilápia,kg,2.0,63.2,126.4,4.89%,114.94,9.97%,,Alimentos,5.0,2025.0,,,,,
Alface,Maço,15.0,3.71,55.65,2.15%,67.65,-17.74%,,Alimentos,5.0,2025.0,,,,,
Tomate,kg,10.0,9.78,97.8,3.79%,116.8,-16.27%,,Alimentos,5.0,2025.0,,,,,
Alho,kg,0.5,25.13,12.57,0.49%,15.22,-17.42%,,Alimentos,5.0,2025.0,,,,,
Refrigerante,Garrafa 2 litros,4.0,10.45,41.8,1.62%,41.52,0.67%,,Alimentos,5.0,2025.0,,,,,
Chocolate,Barra 80g,4.0,7.37,29.48,1.14%,31.04,-5.03%,,Alimentos,5.0,2025.0,,,,,
Margarina,pote 500g,2.0,8.41,16.82,0.65%,14.54,15.68%,,Alimentos,5.0,2025.0,,,,,
Maçã,kg,12.0,13.14,157.68,6.11%,166.2,-5.13%,,Alimentos,5.0,2025.0,,,,,
Achocolatado,Pacote 700g,1.0,17.33,17.33,0.67%,16.85,2.85%,,Alimentos,5.0,2025.0,,,,,
Feijão Carioca,Pacote 1KG,3.0,6.72,20.16,0.78%,19.62,2.75%,,Alimentos,5.0,2025.0,,,,,
Molho de Tomate,Pacote 300g,16.0,2.54,40.64,1.57%,36.64,10.92%,,Alimentos,5.0,2025.0,,,,,
Macarrão Tipo 8,Pacote 500g,8.0,4.08,32.64,1.26%,31.92,2.26%,,Alimentos,5.0,2025.0,,,,,
Papel Higiênico,Fardo com 12,1.0,21.44,21.44,0.83%,22.63,-5.26%,,Limpeza e Higiene,5.0,2025.0,,,,,
Pasta de dente,90 Gramas,2.0,3.6,7.2,0.28%,7.1,1.41%,,Limpeza e Higiene,5.0,2025.0,,,,,
Detergente,Garrafa 500ml,4.0,2.29,9.16,0.35%,9.64,-4.98%,,Limpeza e Higiene,5.0,2025.0,,,,,
Sabonete,Sabonete 80g,4.0,3.24,12.96,0.50%,12.12,6.93%,,Limpeza e Higiene,5.0,2025.0,,,,,
Papel Toalha,Fardo c/ 2,4.0,6.98,27.92,1.08%,24.48,14.05%,,Limpeza e Higiene,5.0,2025.0,,,,,
Sabão em Pó,"1,6kg",1.0,21.9,21.9,0.85%,20.38,7.46%,,Limpeza e Higiene,5.0,2025.0,,,,,
Shampoo,400ML,2.0,27.09,54.18,2.10%,51.86,4.47%,,Limpeza e Higiene,5.0,2025.0,,,,,
Álcool,Garrafa 1 litro,2.0,8.97,17.94,0.69%,18.78,-4.47%,,Limpeza e Higiene,5.0,2025.0,,,,,
Arroz,Fardo 5Kg,2.0,32.18,64.36,2.92%,65.5,-1.74%,-1.87%,Alimentos,3.0,2024.0,,,,,
Feijão Preto,Pacote 1KG,3.0,9.44,28.32,1.28%,25.89,9.39%,4.71%,Alimentos,3.0,2024.0,,,,,
Açucar,Pacote 1KG,4.0,4.3,17.2,0.78%,16.32,5.39%,-3.70%,Alimentos,3.0,2024.0,,,,,
Sal,Pacote 1KG,1.0,2.63,2.63,0.12%,2.58,2.73%,4.43%,Alimentos,3.0,2024.0,,,,,
Café,Pacote 500g,3.0,16.87,50.61,2.30%,49.26,2.74%,6.00%,Alimentos,3.0,2024.0,,,,,
Leite,Caixa 1 litro,36.0,4.75,171.0,7.76%,160.56,6.50%,11.67%,Alimentos,3.0,2024.0,,,,,
Pão de Forma,Pacote 500g,10.0,7.25,72.5,3.29%,69.4,4.47%,1.81%,Alimentos,3.0,2024.0,,,,,
Óleo,Garrafa 900ml,2.0,5.4,10.8,0.49%,11.78,-8.32%,-14.52%,Alimentos,3.0,2024.0,,,,,
Ovo,Caixa c/ 20,3.0,14.79,44.37,2.01%,45.27,-1.99%,13.36%,Alimentos,3.0,2024.0,,,,,
Batata,kg,5.0,7.16,35.8,1.62%,46.3,-22.68%,-27.55%,Alimentos,3.0,2024.0,,,,,
Laranja,kg,3.0,5.96,17.88,0.81%,15.96,12.03%,16.86%,Alimentos,3.0,2024.0,,,,,
Limão,kg,3.0,4.37,13.11,0.59%,16.14,-18.05%,-25.59%,Alimentos,3.0,2024.0,,,,,
Banana,kg,12.0,11.33,135.96,6.17%,122.28,11.19%,0.63%,Alimentos,3.0,2024.0,,,,,
Peito de Frango,kg,6.5,18.87,122.16,5.50%,118.04,2.81%,-1.81%,Alimentos,3.0,2024.0,,,,,
Coxa de Frango,kg,6.5,13.37,86.91,3.94%,75.99,14.37%,39.93%,Alimentos,3.0,2024.0,,,,,
Alcatra,kg,5.0,39.07,195.35,8.86%,188.5,3.63%,-0.82%,Alimentos,3.0,2024.0,,,,,
Coxão Mole,kg,5.0,33.15,165.75,7.52%,199.5,-16.92%,-13.31%,Alimentos,3.0,2024.0,,,,,
Pernil,kg,3.0,16.93,50.79,2.30%,53.46,-4.99%,-22.14%,Alimentos,3.0,2024.0,,,,,
Cebola,kg,3.0,8.43,25.29,1.15%,22.35,13.15%,19.80%,Alimentos,3.0,2024.0,,,,,
Bisteca,kg,3.0,16.35,49.05,2.22%,49.8,-1.51%,-11.04%,Alimentos,3.0,2024.0,,,,,
Filé de Merluza,kg,2.0,42.53,85.06,3.86%,89.78,-5.26%,2.77%,Alimentos,3.0,2024.0,,,,,
Tilapia,kg,2.0,50.1,100.2,4.54%,71.94,39.49%,57.46%,Alimentos,3.0,2024.0,,,,,
Alface,Maço,15.0,3.49,52.35,2.37%,56.1,-6.68%,-8.13%,Alimentos,3.0,2024.0,,,,,
Tomate,kg,10.0,11.76,117.6,5.33%,79.6,47.74%,26.44%,Alimentos,3.0,2024.0,,,,,
Alho,kg,0.5,26.23,13.12,0.59%,11.35,15.55%,18.89%,Alimentos,3.0,2024.0,,,,,
Refrigerante,Garrafa 2 litros,4.0,9.09,36.36,1.65%,36.56,-0.55%,-5.18%,Alimentos,3.0,2024.0,,,,,
Chocolate,Barra 80g,4.0,5.13,20.52,0.93%,22.4,-8.39%,-15.24%,Alimentos,3.0,2024.0,,,,,
Margarina,pote 500g,2.0,6.65,13.3,0.60%,13.02,2.15%,-1.96%,Alimentos,3.0,2024.0,,,,,
Maçã,kg,12.0,12.05,144.6,6.56%,160.8,-10.07%,-17.84%,Alimentos,3.0,2024.0,,,,,
Achocolatado,Pacote 700g,1.0,14.47,14.47,0.66%,13.79,5.24%,3.52%,Alimentos,3.0,2024.0,,,,,
Feijão Carioca,Pacote 1KG,3.0,8.03,24.09,1.09%,25.47,-5.42%,1.45%,Alimentos,3.0,2024.0,,,,,
Molho de tomate,Pacote 300g,16.0,2.45,39.2,1.78%,34.88,12.39%,-13.28%,Alimentos,3.0,2024.0,,,,,
Macarrão Tipo 8,Pacote 500g,8.0,4.12,32.96,1.49%,31.12,5.91%,-0.42%,Alimentos,3.0,2024.0,,,,,
Papel higiênico,fardo com 12,1.0,17.98,17.98,0.82%,19.68,-8.64%,-10.14%,Limpeza e Higiene,3.0,2024.0,,,,,
Pasta dente,90 Gramas,2.0,3.58,7.16,0.32%,6.6,8.48%,5.07%,Limpeza e Higiene,3.0,2024.0,,,,,
Detergente,Garrafa 500ml,4.0,2.22,8.88,0.40%,8.68,2.30%,-1.96%,Limpeza e Higiene,3.0,2024.0,,,,,
Sabonete,Sabonete 80g,4.0,3.06,12.24,0.56%,12.88,-4.97%,-3.61%,Limpeza e Higiene,3.0,2024.0,,,,,
Papel Toalha,fardo c/ 2,4.0,5.08,20.32,0.92%,25.88,-21.48%,-17.08%,Limpeza e Higiene,3.0,2024.0,,,,,
Sabão em Pó,"1,6 kg",1.0,20.33,20.33,0.92%,19.57,3.88%,-4.46%,Limpeza e Higiene,3.0,2024.0,,,,,
Shampoo,400ML,2.0,23.41,46.82,2.12%,39.68,17.99%,3.57%,Limpeza e Higiene,3.0,2024.0,,,,,
Álcool,Garrafa 1 litro,2.0,9.14,18.28,0.83%,17.0,7.53%,-8.79%,Limpeza e Higiene,3.0,2024.0,,,,,
Arroz,Fardo 5Kg,2.0,31.2,62.4,2.33%,60.8,2.63%,,Alimentos,3.0,2025.0,,,,,
Feijão Preto,Pacote 1KG,3.0,7.55,22.65,0.85%,22.02,2.86%,,Alimentos,3.0,2025.0,,,,,
Açucar,Pacote 1KG,4.0,4.28,17.12,0.64%,16.92,1.18%,,Alimentos,3.0,2025.0,,,,,
Sal,Pacote 1KG,1.0,2.62,2.62,0.10%,2.69,-2.60%,,Alimentos,3.0,2025.0,,,,,
Café,Pacote 500g,3.0,32.53,97.59,3.64%,90.33,8.04%,,Alimentos,3.0,2025.0,,,,,
Leite,Caixa 1 litro,36.0,5.36,192.96,7.20%,188.28,2.49%,,Alimentos,3.0,2025.0,,,,,
Pão de Forma,Pacote 500g,10.0,8.29,82.9,3.09%,75.0,10.53%,,Alimentos,3.0,2025.0,,,,,
Óleo,Garrafa 900ml,2.0,7.53,15.06,0.56%,15.1,-0.26%,,Alimentos,3.0,2025.0,,,,,
Ovo,Caixa c/ 20,3.0,18.93,56.79,2.12%,58.38,-2.72%,,Alimentos,3.0,2025.0,,,,,
Batata,kg,5.0,3.61,18.05,0.67%,20.05,-9.88%,,Alimentos,3.0,2025.0,,,,,
Laranja,kg,3.0,7.04,21.12,0.79%,22.68,-6.88%,,Alimentos,3.0,2025.0,,,,,
Limão,kg,3.0,4.32,12.96,0.48%,15.39,-15.79%,,Alimentos,3.0,2025.0,,,,,
Banana,kg,12.0,12.43,149.16,5.57%,141.12,5.70%,,Alimentos,3.0,2025.0,,,,,
Peito de Frango,kg,6.5,22.66,147.29,5.50%,146.38,0.62%,,Alimentos,3.0,2025.0,,,,,
Coxa de Frango,kg,6.5,16.76,108.94,4.06%,100.1,8.83%,,Alimentos,3.0,2025.0,,,,,
Alcatra,kg,5.0,54.91,274.55,10.24%,282.1,-2.68%,,Alimentos,3.0,2025.0,,,,,
Coxão Mole,kg,5.0,48.91,244.55,9.12%,236.25,3.51%,,Alimentos,3.0,2025.0,,,,,
Pernil,kg,3.0,23.48,70.44,2.63%,75.96,-7.27%,,Alimentos,3.0,2025.0,,,,,
Cebola,kg,3.0,4.31,12.93,0.48%,9.63,34.27%,,Alimentos,3.0,2025.0,,,,,
Bisteca,kg,3.0,22.58,67.74,2.53%,62.34,8.66%,,Alimentos,3.0,2025.0,,,,,
Filé de Merluza,kg,2.0,45.0,90.0,3.36%,77.62,15.95%,,Alimentos,3.0,2025.0,,,,,
Tilápia,kg,2.0,60.83,121.66,4.54%,108.94,11.68%,,Alimentos,3.0,2025.0,,,,,
Alface,Maço,15.0,4.84,72.6,2.71%,63.9,13.62%,,Alimentos,3.0,2025.0,,,,,
Tomate,kg,10.0,13.97,139.7,5.21%,77.2,80.96%,,Alimentos,3.0,2025.0,,,,,
Alho,kg,0.5,32.1,16.05,0.60%,15.54,3.32%,,Alimentos,3.0,2025.0,,,,,
Refrigerante,Garrafa 2 litros,4.0,10.56,42.24,1.58%,41.96,0.67%,,Alimentos,3.0,2025.0,,,,,
Chocolate,Barra 80g,4.0,7.62,30.48,1.14%,30.2,0.93%,,Alimentos,3.0,2025.0,,,,,
Margarina,pote 500g,2.0,7.5,15.0,0.56%,14.4,4.17%,,Alimentos,3.0,2025.0,,,,,
Maçã,kg,12.0,15.57,186.84,6.97%,185.16,0.91%,,Alimentos,3.0,2025.0,,,,,
Achocolatado,Pacote 700g,1.0,16.55,16.55,0.62%,15.88,4.22%,,Alimentos,3.0,2025.0,,,,,
Feijão Carioca,Pacote 1KG,3.0,6.36,19.08,0.71%,17.82,7.07%,,Alimentos,3.0,2025.0,,,,,
Molho de Tomate,Pacote 300g,16.0,2.79,44.64,1.67%,40.0,11.60%,,Alimentos,3.0,2025.0,,,,,
Macarrão Tipo 8,Pacote 500g,8.0,4.45,35.6,1.33%,32.56,9.34%,,Alimentos,3.0,2025.0,,,,,
Papel Higiênico,Fardo com 12,1.0,20.39,20.39,0.76%,19.46,4.78%,-16.17%,Limpeza e Higiene,3.0,2025.0,,,,,
Pasta de dente,90 Gramas,2.0,3.59,7.18,0.27%,7.0,2.57%,-13.32%,Limpeza e Higiene,3.0,2025.0,,,,,
Detergente,Garrafa 500ml,4.0,2.35,9.4,0.35%,8.68,8.29%,-14.62%,Limpeza e Higiene,3.0,2025.0,,,,,
Sabonete,Sabonete 80g,4.0,2.83,11.32,0.42%,12.0,-5.67%,-26.66%,Limpeza e Higiene,3.0,2025.0,,,,,
Papel Toalha,Fardo c/ 2,4.0,6.95,27.8,1.04%,25.96,7.09%,-6.68%,Limpeza e Higiene,3.0,2025.0,,,,,
Sabão em Pó,"1,6kg",1.0,21.1,21.1,0.79%,21.12,-0.09%,-18.42%,Limpeza e Higiene,3.0,2025.0,,,,,
Shampoo,400ML,2.0,27.69,55.38,2.07%,53.6,3.32%,0.79%,Limpeza e Higiene,3.0,2025.0,,,,,
Álcool,Garrafa 1 litro,2.0,9.63,19.26,0.72%,19.84,-2.92%,-20.94%,Limpeza e Higiene,3.0,2025.0,,,,,
Arroz,Fardo 5Kg,2.0,28.21,56.42,2.82%,50.61,10.30%,7.90%,Alimentos,11.0,2023.0,,,,,
Feijão Preto,Pacote 1KG,3.0,7.51,22.53,1.13%,20.54,8.82%,6.15%,Alimentos,11.0,2023.0,,,,,
Açucar,Pacote 1KG,4.0,4.15,16.6,0.83%,17.63,-6.18%,-8.85%,Alimentos,11.0,2023.0,,,,,
Sal,Pacote 1KG,1.0,2.21,2.21,0.11%,2.34,-6.03%,-8.72%,Alimentos,11.0,2023.0,,,,,
Café,Pacote 500g,3.0,16.74,50.22,2.51%,45.09,10.22%,7.80%,Alimentos,11.0,2023.0,,,,,
Leite,caixa 1 Litro,36.0,3.99,143.64,7.19%,147.0,-2.34%,-5.42%,Alimentos,11.0,2023.0,,,,,
Pão de Forma,Pacote 500g,10.0,5.43,54.3,2.72%,49.07,9.64%,7.12%,Alimentos,11.0,2023.0,,,,,
Óleo,Garrafa 900ml,2.0,5.56,11.12,0.56%,18.65,4.21%,1.05%,Alimentos,11.0,2023.0,,,,,
Ovo,Caixa c/ 20,3.0,13.13,39.39,1.97%,36.08,8.40%,5.67%,Alimentos,11.0,2023.0,,,,,
Batata,kg,5.0,4.22,21.1,1.06%,17.78,15.72%,14.84%,Alimentos,11.0,2023.0,,,,,
Laranja,kg,3.0,4.12,12.36,0.62%,14.97,-21.12%,-20.80%,Alimentos,11.0,2023.0,,,,,
Limão,kg,3.0,5.25,15.75,0.79%,16.77,-6.48%,-9.10%,Alimentos,11.0,2023.0,,,,,
Banana,kg,12.0,9.74,116.88,5.85%,87.48,25.15%,29.32%,Alimentos,11.0,2023.0,,,,,
Peito de Frango,kg,6.5,16.87,109.66,5.49%,111.15,-1.33%,-4.48%,Alimentos,11.0,2023.0,,,,,
Coxa de Frango,kg,6.5,10.0,65.0,3.25%,72.82,-12.03%,-13.60%,Alimentos,11.0,2023.0,,,,,
Alcatra,kg,5.0,39.27,196.35,9.82%,194.48,0.95%,-2.28%,Alimentos,11.0,2023.0,,,,,
Coxão Mole,kg,5.0,38.89,194.45,9.73%,179.65,7.61%,4.77%,Alimentos,11.0,2023.0,,,,,
Pernil,kg,3.0,16.78,50.34,2.52%,51.7,-2.70%,-5.75%,Alimentos,11.0,2023.0,,,,,
Cebola,kg,3.0,6.49,19.47,0.97%,19.38,0.46%,-2.76%,Alimentos,11.0,2023.0,,,,,
Bisteca,kg,3.0,15.67,47.01,2.35%,47.07,-0.13%,-3.33%,Alimentos,11.0,2023.0,,,,,
Filé de Merluza,kg,2.0,36.51,73.02,3.65%,78.33,-7.27%,-9.77%,Alimentos,11.0,2023.0,,,,,
Tilapia,kg,2.0,37.29,74.58,3.73%,83.91,-12.51%,-13.97%,Alimentos,11.0,2023.0,,,,,
Alface,Maço,15.0,3.85,57.75,2.89%,53.85,6.75%,3.80%,Alimentos,11.0,2023.0,,,,,
Tomate,kg,10.0,8.29,82.9,4.15%,82.63,0.32%,-2.90%,Alimentos,11.0,2023.0,,,,,
Alho,kg,0.5,20.1,10.05,0.50%,9.88,1.66%,-1.58%,Alimentos,11.0,2023.0,,,,,
Refrigerante,Garrafa 2 litros,4.0,8.38,33.52,1.68%,35.78,-6.73%,-9.31%,Alimentos,11.0,2023.0,,,,,
Chocolate,Barra 80g,4.0,4.75,19.0,0.95%,21.19,-11.53%,-13.22%,Alimentos,11.0,2023.0,,,,,
Margarina,pote 500g,2.0,7.01,14.02,0.70%,13.37,4.64%,1.53%,Alimentos,11.0,2023.0,,,,,
Maçã,kg,12.0,12.36,148.32,7.42%,125.52,15.37%,14.37%,Alimentos,11.0,2023.0,,,,,
Achocolatado,Pacote 700g,1.0,13.22,13.22,0.66%,13.52,-2.24%,-5.33%,Alimentos,11.0,2023.0,,,,,
Feijão Carioca,Pacote 1KG,3.0,6.19,18.57,0.93%,16.53,10.99%,8.74%,Alimentos,11.0,2023.0,,,,,
Molho de tomate,Pacote 300g,16.0,1.82,29.12,1.46%,30.59,-5.05%,-7.87%,Alimentos,11.0,2023.0,,,,,
Macarrão Tipo 8,Pacote 500g,8.0,3.71,29.68,1.49%,28.05,5.48%,2.40%,Alimentos,11.0,2023.0,,,,,
Papel higiênico,fardo com 12,1.0,21.1,21.1,1.06%,20.43,3.26%,-0.05%,Limpeza e Higiene,11.0,2023.0,,,,,
Pasta dente,90 Gramas,2.0,3.41,6.82,0.34%,6.71,1.69%,-1.57%,Limpeza e Higiene,11.0,2023.0,,,,,
Detergente,Garrafa 500ml,4.0,2.13,8.52,0.43%,8.5,0.21%,-3.01%,Limpeza e Higiene,11.0,2023.0,,,,,
Sabonete,Sabonete 80g,4.0,2.8,11.2,0.56%,13.41,-16.50%,-19.18%,Limpeza e Higiene,11.0,2023.0,,,,,
Papel Toalha,fardo c/ 2,1.0,5.81,23.24,1.16%,23.3,-0.27%,-3.47%,Limpeza e Higiene,11.0,2023.0,,,,,
Sabão em Pó,"1,6 kg",1.0,24.48,24.48,1.22%,24.48,0.00%,-3.21%,Limpeza e Higiene,11.0,2023.0,,,,,
Shampoo,400ML,2.0,20.0,40.0,2.00%,37.7,6.11%,2.71%,Limpeza e Higiene,11.0,2023.0,,,,,
Álcool,Garrafa 1 litro,2.0,7.32,14.64,0.73%,14.5,0.97%,-2.27%,Limpeza e Higiene,11.0,2023.0,,,,,
Arroz,Fardo 5Kg,2.0,34.76,66.120472,,69.52,-4.89,,Alimentos,11.0,2024.0,,,,,
Feijão Preto,Pacote 1KG,3.0,8.31,24.690672,,24.93,-0.96,,Alimentos,11.0,2024.0,,,,,
Açucar,Pacote 1KG,4.0,4.02,16.800384,,16.08,4.48,,Alimentos,11.0,2024.0,,,,,
Sal,Pacote 1KG,1.0,2.64,2.529912,,2.64,-4.17,,Alimentos,11.0,2024.0,,,,,
Café,Pacote 500g,3.0,23.09,73.412346,,69.27,5.98,,Alimentos,11.0,2024.0,,,,,
Leite,Caixa 1 litro,36.0,5.06,186.477192,,182.16,2.37,,Alimentos,11.0,2024.0,,,,,
Pão de Forma,Pacote 500g,10.0,7.11,60.49899,,71.1,-14.91,,Alimentos,11.0,2024.0,,,,,
Óleo,Garrafa 900ml,2.0,7.61,16.279312,,15.22,6.96,,Alimentos,11.0,2024.0,,,,,
Ovo,Caixa c/ 20,3.0,12.36,37.291356,,37.08,0.57,,Alimentos,11.0,2024.0,,,,,
Batata,kg,5.0,6.04,32.39856,,30.2,7.28,,Alimentos,11.0,2024.0,,,,,
Laranja,kg,3.0,7.92,24.090264,,23.76,1.39,,Alimentos,11.0,2024.0,,,,,
Limão,kg,3.0,10.07,25.110552,,30.21,-16.88,,Alimentos,11.0,2024.0,,,,,
Banana,kg,12.0,10.96,141.476064,,131.52,7.57,,Alimentos,11.0,2024.0,,,,,
Peito de Frango,kg,6.5,21.7,140.59864,,141.05,-0.32,,Alimentos,11.0,2024.0,,,,,
Coxa de Frango,kg,6.5,13.76,80.013024,,89.44,-10.54,,Alimentos,11.0,2024.0,,,,,
Alcatra,kg,5.0,47.22,263.39316,,236.1,11.56,,Alimentos,11.0,2024.0,,,,,
Coxão Mole,kg,5.0,43.56,224.59536,,217.8,3.12,,Alimentos,11.0,2024.0,,,,,
Pernil,kg,3.0,17.25,78.69105,,51.75,52.06,,Alimentos,11.0,2024.0,,,,,
Cebola,kg,3.0,2.82,9.480276,,8.46,12.06,,Alimentos,11.0,2024.0,,,,,
Bisteca,kg,3.0,18.4,60.84144,,55.2,10.22,,Alimentos,11.0,2024.0,,,,,
Filé de Merluza,kg,2.0,42.58,87.978796,,85.16,3.31,,Alimentos,11.0,2024.0,,,,,
Tilapia,kg,2.0,58.07,121.459212,,116.14,4.58,,Alimentos,11.0,2024.0,,,,,
Alface,Maço,15.0,3.61,64.649685,,54.15,19.39,,Alimentos,11.0,2024.0,,,,,
Tomate,kg,10.0,5.37,55.60098,,53.7,3.54,,Alimentos,11.0,2024.0,,,,,
Alho,kg,0.5,28.17,14.47043,,14.09,2.7,,Alimentos,11.0,2024.0,,,,,
Refrigerante,Garrafa 2 litros,4.0,9.58,40.918096,,38.32,6.78,,Alimentos,11.0,2024.0,,,,,
Chocolate,Barra 80g,4.0,6.59,21.638924,,26.36,-17.91,,Alimentos,11.0,2024.0,,,,,
Margarina,pote 500g,2.0,6.11,13.599638,,12.22,11.29,,Alimentos,11.0,2024.0,,,,,
Maçã,kg,12.0,14.94,182.399472,,179.28,1.74,,Alimentos,11.0,2024.0,,,,,
Achocolatado,Pacote 700g,1.0,15.92,16.539288,,15.92,3.89,,Alimentos,11.0,2024.0,,,,,
Feijão Carioca,Pacote 1KG,3.0,6.15,18.599445,,18.45,0.81,,Alimentos,11.0,2024.0,,,,,
Molho de tomate,Pacote 300g,16.0,2.47,39.36192,,39.52,-0.4,,Alimentos,11.0,2024.0,,,,,
Macarrão Tipo 8,Pacote 500g,8.0,3.9,31.35912,,31.2,0.51,,Alimentos,11.0,2024.0,,,,,
Papel higiênico,fardo com 12,1.0,19.31,20.619218,,19.31,6.78,,Limpeza e Higiene,11.0,2024.0,,,,,
Pasta dente,90 Gramas,2.0,3.48,7.60032,,6.96,9.2,,Limpeza e Higiene,11.0,2024.0,,,,,
Detergente,Garrafa 500ml,4.0,2.07,8.719668,,8.28,5.31,,Limpeza e Higiene,11.0,2024.0,,,,,
Sabonete,Sabonete 80g,4.0,2.98,12.519576,,11.92,5.03,,Limpeza e Higiene,11.0,2024.0,,,,,
Papel Toalha,fardo c/ 2,4.0,7.73,26.278908,,30.92,-15.01,,Limpeza e Higiene,11.0,2024.0,,,,,
Sabão em Pó,"1,6 kg",1.0,19.31,20.319913,,19.31,5.23,,Limpeza e Higiene,11.0,2024.0,,,,,
Shampoo,400ML,2.0,26.52,54.461472,,53.04,2.68,,Limpeza e Higiene,11.0,2024.0,,,,,
Álcool,Garrafa 1 litro,2.0,8.45,14.31937,,16.9,-15.27,,Limpeza e Higiene,11.0,2024.0,,,,,
Arroz,Fardo 5Kg,2.0,25.19,50.38,2.03%,48.44,4.00%,-31.76%,Alimentação,,,,,,,
Feijão Preto,Pacote 1KG,3.0,5.11,15.33,0.62%,14.43,6.24%,-79.23%,Alimentação,,,,,,,
Açucar,Pacote 1KG,4.0,4.03,16.12,0.65%,16.72,-3.59%,-78.16%,Alimentação,,,,,,,
Sal,Pacote 1KG,1.0,3.14,3.14,0.13%,2.62,19.85%,-95.75%,Alimentação,,,,,,,
Café,Pacote 500g,3.0,31.19,93.57,3.77%,95.01,-1.52%,26.75%,Alimentação,,,,,,,
Leite,Caixa 1 Litro,36.0,3.83,137.88,5.56%,155.16,-11.14%,86.77%,Alimentação,,,,,,,
Pão de Forma,Pacote 500g,10.0,7.33,73.3,2.95%,78.9,-7.10%,-0.71%,Alimentação,,,,,,,
Óleo,Garrafa 900ml,2.0,8.51,17.02,0.69%,16.3,4.42%,-76.95%,Alimentação,,,,,,,
Ovo,Caixa c/ 20,3.0,12.6,37.8,1.52%,38.79,-2.55%,-48.80%,Alimentação,,,,,,,
Batata,Kg,5.0,4.22,21.1,0.85%,18.3,15.30%,-71.42%,Alimentação,,,,,,,
Laranja,Kg,3.0,5.66,16.98,0.68%,14.22,19.41%,-77.00%,Alimentação,,,,,,,
Limão,Kg,3.0,5.29,15.87,0.64%,18.45,-13.98%,-78.50%,Alimentação,,,,,,,
Banana,Kg,12.0,10.46,125.52,5.06%,125.52,0.00%,70.03%,Alimentação,,,,,,,
Peito de Frango,Kg,6.5,23.52,152.88,6.16%,148.46,2.98%,107.09%,Alimentação,,,,,,,
Coxa de Frango,Kg,6.5,16.75,108.88,4.39%,111.48,-2.33%,47.48%,Alimentação,,,,,,,
Alcatra,Kg,5.0,56.92,284.6,11.47%,274.0,3.87%,285.51%,Alimentação,,,,,,,
Coxão Mole,Kg,5.0,51.4,257.0,10.36%,254.75,0.88%,248.13%,Alimentação,,,,,,,
Pernil,Kg,3.0,29.22,87.66,3.53%,70.05,25.14%,18.74%,Alimentação,,,,,,,
Cebola,Kg,3.0,2.96,8.88,0.36%,8.82,0.68%,-87.97%,Alimentação,,,,,,,
Bisteca,Kg,3.0,18.65,55.95,2.25%,56.04,-0.16%,-24.21%,Alimentação,,,,,,,
Filé de Merluza,Kg,2.0,47.73,95.46,3.85%,92.28,3.45%,29.31%,Alimentação,,,,,,,
Tilápia,Kg,2.0,60.87,121.74,4.91%,121.74,0.00%,64.91%,Alimentação,,,,,,,
Alface,Maço,15.0,3.76,56.4,2.27%,57.15,-1.31%,-23.60%,Alimentação,,,,,,,
Tomate,Kg,10.0,6.33,63.3,2.55%,80.2,-21.07%,-14.26%,Alimentação,,,,,,,
Alho,Kg,0.5,18.9,9.45,0.38%,9.95,-5.03%,-87.20%,Alimentação,,,,,,,
Refrigerante,Garrafa 2 Litros,4.0,10.66,42.64,1.72%,38.64,10.35%,-42.24%,Alimentação,,,,,,,
Chocolate,Barra 80g,4.0,8.71,34.84,1.40%,32.32,7.80%,-52.81%,Alimentação,,,,,,,
Margarina,pote 500g,2.0,7.35,14.7,0.59%,15.74,-6.61%,-80.09%,Alimentação,,,,,,,
Maçã,Kg,12.0,14.3,171.6,6.91%,160.92,6.64%,123.45%,Alimentação,,,,,,,
Achocolatado,Pacote 700g,1.0,17.21,17.21,0.69%,16.39,5.00%,-76.69%,Alimentação,,,,,,,
Feijão Carioca,Pacote 1KG,3.0,6.49,19.47,0.78%,19.68,-1.07%,-73.63%,Alimentação,,,,,,,
Molho de Tomate,Pacote 300g,16.0,2.68,42.88,1.73%,42.56,0.75%,-41.92%,Alimentação,,,,,,,
Macarrão Tipo 8,Pacote 500g,8.0,3.93,31.44,1.27%,31.6,-0.51%,-57.41%,Alimentação,,,,,,,
Papel Higiênico,Fardo com 12,1.0,21.95,21.95,0.88%,23.38,-6.12%,-2.55%,Limpeza e Higiene,,,,,,,
Pasta de dente,90 Gramas,2.0,3.95,7.9,0.32%,8.12,-2.71%,-64.93%,Limpeza e Higiene,,,,,,,
Detergente,Garrafa 500ml,4.0,2.29,9.16,0.37%,9.4,-2.55%,-59.33%,Limpeza e Higiene,,,,,,,
Sabonete,Sabonete 80g,4.0,3.33,13.32,0.54%,13.28,0.30%,-40.86%,Limpeza e Higiene,,,,,,,
Papel Toalha,Fardo c/ 2,4.0,7.26,29.04,1.17%,29.04,0.00%,28.93%,Limpeza e Higiene,,,,,,,
Sabão em Pó,"1,6kg",1.0,21.13,21.13,0.85%,21.71,-2.67%,-6.19%,Limpeza e Higiene,,,,,,,
Shampoo,400ML,2.0,29.64,59.28,2.39%,61.18,-3.11%,163.19%,Limpeza e Higiene,,,,,,,
Álcool,Garrafa 1 Litro,2.0,9.56,19.12,0.77%,23.22,-17.66%,-15.11%,Limpeza e Higiene,,,,,,,
Arroz,Fardo 5Kg,2.0,25.31,50.61,2.62%,,,,Alimentos,10.0,2023.0,,,,,
Feijão Preto,Pacote 1KG,3.0,6.85,20.54,1.06%,,,,Alimentos,10.0,2023.0,,,,,
Açucar,Pacote 1KG,4.0,4.41,17.63,0.91%,,,,Alimentos,10.0,2023.0,,,,,
Sal,Pacote 1KG,1.0,2.34,2.34,0.12%,,,,Alimentos,10.0,2023.0,,,,,
Café,Pacote 500g,3.0,15.03,45.09,2.33%,,,,Alimentos,10.0,2023.0,,,,,
Leite,caixa 1 Litro,36.0,4.08,147.0,7.60%,,,,Alimentos,10.0,2023.0,,,,,
Pão de Forma,Pacote 500g,10.0,4.91,49.07,2.54%,,,,Alimentos,10.0,2023.0,,,,,
Óleo,Garrafa 900ml,2.0,9.33,18.65,0.96%,,,,Alimentos,10.0,2023.0,,,,,
Ovo,Caixa c/ 20,3.0,12.03,36.08,1.87%,,,,Alimentos,10.0,2023.0,,,,,
Batata,kg,5.0,3.56,17.78,0.92%,,,,Alimentos,10.0,2023.0,,,,,
Laranja,kg,3.0,4.99,14.97,0.77%,,,,Alimentos,10.0,2023.0,,,,,
Limão,kg,3.0,5.59,16.77,0.87%,,,,Alimentos,10.0,2023.0,,,,,
Banana,kg,12.0,7.29,87.48,4.52%,,,,Alimentos,10.0,2023.0,,,,,
Peito de Frango,kg,6.5,17.1,111.15,5.74%,,,,Alimentos,10.0,2023.0,,,,,
Coxa de Frango,kg,6.5,11.2,72.82,3.76%,,,,Alimentos,10.0,2023.0,,,,,
Alcatra,kg,5.0,38.9,194.48,10.05%,,,,Alimentos,10.0,2023.0,,,,,
Coxão Mole,kg,5.0,35.93,179.65,9.29%,,,,Alimentos,10.0,2023.0,,,,,
Pernil,kg,3.0,17.23,51.7,2.67%,,,,Alimentos,10.0,2023.0,,,,,
Cebola,kg,3.0,6.46,19.38,1.00%,,,,Alimentos,10.0,2023.0,,,,,
Bisteca,kg,3.0,15.69,47.07,2.43%,,,,Alimentos,10.0,2023.0,,,,,
Filé de Merluza,kg,2.0,39.16,78.33,4.05%,,,,Alimentos,10.0,2023.0,,,,,
Tilapia,kg,2.0,41.96,83.91,4.34%,,,,Alimentos,10.0,2023.0,,,,,
Alface,Maço,15.0,3.59,53.85,2.78%,,,,Alimentos,10.0,2023.0,,,,,
Tomate,kg,10.0,8.26,82.63,4.27%,,,,Alimentos,10.0,2023.0,,,,,
Alho,kg,0.5,19.77,9.88,0.51%,,,,Alimentos,10.0,2023.0,,,,,
Refrigerante,Garrafa 2 litros,4.0,8.94,35.78,1.85%,,,,Alimentos,10.0,2023.0,,,,,
Chocolate,Barra 80g,4.0,5.3,21.19,1.10%,,,,Alimentos,10.0,2023.0,,,,,
Margarina,pote 500g,2.0,6.68,13.37,0.69%,,,,Alimentos,10.0,2023.0,,,,,
Maçã,kg,12.0,10.46,125.52,6.49%,,,,Alimentos,10.0,2023.0,,,,,
Achocolatado,Pacote 700g,1.0,13.52,13.52,0.70%,,,,Alimentos,10.0,2023.0,,,,,
Feijão Carioca,Pacote 1KG,3.0,6.51,19.53,0.85%,,,,Alimentos,10.0,2023.0,,,,,
Molho de tomate,Pacote 300g,16.0,1.91,30.59,1.58%,,,,Alimentos,10.0,2023.0,,,,,
Macarrão Tipo 8,Pacote 500g,8.0,3.51,28.05,1.45%,,,,Alimentos,10.0,2023.0,,,,,
Papel higiênico,fardo com 12,1.0,20.43,20.43,1.06%,,,,Limpeza e Higiene,10.0,2023.0,,,,,
Pasta dente,90 Gramas,2.0,9.35,18.71,0.97%,,,,Limpeza e Higiene,10.0,2023.0,,,,,
Detergente,Garrafa 500ml,4.0,2.13,8.5,0.44%,,,,Limpeza e Higiene,10.0,2023.0,,,,,
Sabonete,Sabonete 80g,4.0,3.35,13.41,0.69%,,,,Limpeza e Higiene,10.0,2023.0,,,,,
Papel Toalha,fardo c/ 2,1.0,5.83,23.3,1.20%,,,,Limpeza e Higiene,10.0,2023.0,,,,,
Sabão em Pó,"1,6 kg",1.0,24.48,24.48,1.27%,,,,Limpeza e Higiene,10.0,2023.0,,,,,
Shampoo,400ML,2.0,18.85,37.7,1.95%,,,,Limpeza e Higiene,10.0,2023.0,,,,,
Álcool,Garrafa 1 litro,2.0,7.25,14.5,0.75%,,,,Limpeza e Higiene,10.0,2023.0,,,,,
Arroz,Fardo 5Kg,2.0,34.76,69.52,2.95%,66.08,5.21%,-0.74%,Alimentos,10.0,2024.0,,,,,
Feijão Preto,Pacote 1KG,3.0,8.31,24.93,1.06%,24.63,1.22%,-13.69%,Alimentos,10.0,2024.0,,,,,
Açucar,Pacote 1KG,4.0,4.02,16.08,0.68%,15.84,1.52%,-15.70%,Alimentos,10.0,2024.0,,,,,
Sal,Pacote 1KG,1.0,2.64,2.64,0.11%,2.61,1.15%,-1.84%,Alimentos,10.0,2024.0,,,,,
Café,Pacote 500g,3.0,23.09,69.27,2.94%,63.9,8.40%,35.86%,Alimentos,10.0,2024.0,,,,,
Leite,Caixa 1 litro,36.0,5.06,182.16,7.74%,191.52,-4.89%,11.39%,Alimentos,10.0,2024.0,,,,,
Pão de Forma,Pacote 500g,10.0,7.11,71.1,3.02%,64.9,9.55%,-6.51%,Alimentos,10.0,2024.0,,,,,
Óleo,Garrafa 900ml,2.0,7.61,15.22,0.65%,14.3,6.43%,12.80%,Alimentos,10.0,2024.0,,,,,
Ovo,Caixa c/ 20,3.0,12.36,37.08,1.57%,31.95,16.06%,-11.29%,Alimentos,10.0,2024.0,,,,,
Batata,kg,5.0,6.04,30.2,1.28%,32.45,-6.93%,-42.77%,Alimentos,10.0,2024.0,,,,,
Laranja,kg,3.0,7.92,23.76,1.01%,25.34,-6.60%,45.41%,Alimentos,10.0,2024.0,,,,,
Limão,kg,3.0,10.07,30.21,1.28%,34.92,-12.74%,60.56%,Alimentos,10.0,2024.0,,,,,
Banana,kg,12.0,10.96,131.52,5.59%,143.52,-8.36%,-8.84%,Alimentos,10.0,2024.0,,,,,
Peito de Frango,kg,6.5,21.7,141.05,5.99%,139.43,1.17%,5.86%,Alimentos,10.0,2024.0,,,,,
Coxa de Frango,kg,6.5,13.76,89.44,3.80%,83.53,7.08%,34.85%,Alimentos,10.0,2024.0,,,,,
Alcatra,kg,5.0,47.22,236.1,10.03%,237.2,-0.46%,12.24%,Alimentos,10.0,2024.0,,,,,
Coxão Mole,kg,5.0,43.56,217.8,9.25%,198.65,9.54%,6.66%,Alimentos,10.0,2024.0,,,,,
Pernil,kg,3.0,17.25,51.75,2.20%,55.65,-7.01%,-25.72%,Alimentos,10.0,2024.0,,,,,
Cebola,kg,3.0,2.82,8.46,0.36%,9.54,-11.32%,-62.47%,Alimentos,10.0,2024.0,,,,,
Bisteca,kg,3.0,18.4,55.2,2.34%,55.8,-1.08%,-6.26%,Alimentos,10.0,2024.0,,,,,
Filé de Merluza,kg,2.0,42.58,85.16,3.62%,83.92,1.48%,-3.65%,Alimentos,10.0,2024.0,,,,,
Tilapia,kg,2.0,58.07,116.14,4.93%,120.18,-3.36%,70.90%,Alimentos,10.0,2024.0,,,,,
Alface,Maço,15.0,3.61,54.15,2.30%,57.3,-5.50%,-11.01%,Alimentos,10.0,2024.0,,,,,
Tomate,kg,10.0,5.37,53.7,2.28%,66.1,-18.71%,-45.94%,Alimentos,10.0,2024.0,,,,,
Alho,kg,0.5,28.17,14.09,0.60%,13.17,6.98%,19.56%,Alimentos,10.0,2024.0,,,,,
Refrigerante,Garrafa 2 litros,4.0,9.58,38.32,1.63%,41.52,-7.71%,-4.35%,Alimentos,10.0,2024.0,,,,,
Chocolate,Barra 80g,4.0,6.59,26.36,1.12%,26.72,-1.35%,1.95%,Alimentos,10.0,2024.0,,,,,
Margarina,pote 500g,2.0,6.11,12.22,0.52%,13.12,-8.26%,-15.65%,Alimentos,10.0,2024.0,,,,,
Maçã,kg,12.0,14.94,179.28,7.61%,176.88,1.36%,4.61%,Alimentos,10.0,2024.0,,,,,
Achocolatado,Pacote 700g,1.0,15.92,15.92,0.68%,15.05,5.78%,6.65%,Alimentos,10.0,2024.0,,,,,
Feijão Carioca,Pacote 1KG,3.0,6.15,18.45,0.78%,19.23,-4.06%,-27.24%,Alimentos,10.0,2024.0,,,,,
Molho de tomate,Pacote 300g,16.0,2.47,39.52,1.68%,34.88,13.30%,-18.13%,Alimentos,10.0,2024.0,,,,,
Macarrão Tipo 8,Pacote 500g,8.0,3.9,31.2,1.33%,28.88,8.03%,-11.73%,Alimentos,10.0,2024.0,,,,,
Papel higiênico,fardo com 12,1.0,19.31,19.31,0.82%,17.7,9.10%,-9.63%,Limpeza e Higiene,10.0,2024.0,,,,,
Pasta dente,90 Gramas,2.0,3.48,6.96,0.30%,6.48,7.41%,-4.36%,Limpeza e Higiene,10.0,2024.0,,,,,
Detergente,Garrafa 500ml,4.0,2.07,8.28,0.35%,8.32,-0.48%,-14.40%,Limpeza e Higiene,10.0,2024.0,,,,,
Sabonete,Sabonete 80g,4.0,2.98,11.92,0.51%,10.56,12.88%,-12.10%,Limpeza e Higiene,10.0,2024.0,,,,,
Papel Toalha,fardo c/ 2,4.0,7.73,30.92,1.31%,18.84,64.12%,18.14%,Limpeza e Higiene,10.0,2024.0,,,,,
Sabão em Pó,"1,6 kg",1.0,19.31,19.31,0.82%,18.11,6.63%,-15.03%,Limpeza e Higiene,10.0,2024.0,,,,,
Shampoo,400ML,2.0,26.52,53.04,2.25%,49.96,6.16%,9.87%,Limpeza e Higiene,10.0,2024.0,,,,,
Álcool,Garrafa 1 litro,2.0,8.45,16.9,0.72%,15.2,11.18%,-21.04%,Limpeza e Higiene,10.0,2024.0,,,,,
Arroz,Fardo 5Kg,2.0,33.04,66.08,2.83%,66.84,-1.14%,-4.79%,Alimentos,9.0,2024.0,,,,,
Feijão Preto,Pacote 1KG,3.0,8.21,24.63,1.06%,22.02,11.85%,-13.94%,Alimentos,9.0,2024.0,,,,,
Açucar,Pacote 1KG,4.0,3.96,15.84,0.68%,15.44,2.59%,-16.20%,Alimentos,9.0,2024.0,,,,,
Sal,Pacote 1KG,1.0,2.61,2.61,0.11%,2.35,11.06%,-2.06%,Alimentos,9.0,2024.0,,,,,
Café,Pacote 500g,3.0,21.8,65.4,2.74%,61.71,5.35%,26.48%,Alimentos,9.0,2024.0,,,,,
Leite,Caixa 1 litro,36.0,5.32,191.52,8.21%,198.0,-3.27%,18.19%,Alimentos,9.0,2024.0,,,,,
Pão de Forma,Pacote 500g,10.0,6.49,64.9,2.78%,67.5,-3.85%,-13.88%,Alimentos,9.0,2024.0,,,,,
Óleo,Garrafa 900ml,2.0,7.15,14.3,0.61%,12.7,12.60%,-6.96%,Alimentos,9.0,2024.0,,,,,
Ovo,Caixa c/ 20,3.0,10.65,31.95,1.37%,32.7,-2.29%,-22.86%,Alimentos,9.0,2024.0,,,,,
Batata,kg,5.0,6.49,32.45,1.39%,32.1,1.09%,-37.94%,Alimentos,9.0,2024.0,,,,,
Laranja,kg,3.0,8.45,25.34,1.09%,20.67,23.08%,57.12%,Alimentos,9.0,2024.0,,,,,
Limão,kg,3.0,11.64,34.92,1.48%,20.07,72.50%,85.69%,Alimentos,9.0,2024.0,,,,,
Banana,kg,12.0,11.96,143.52,6.15%,143.52,0.00%,0.39%,Alimentos,9.0,2024.0,,,,,
Peito de Frango,kg,6.5,21.45,139.43,5.98%,134.42,3.72%,6.60%,Alimentos,9.0,2024.0,,,,,
Coxa de Frango,kg,6.5,12.85,83.53,3.58%,88.34,-5.45%,27.09%,Alimentos,9.0,2024.0,,,,,
Alcatra,kg,5.0,47.44,237.2,10.17%,204.35,16.08%,13.80%,Alimentos,9.0,2024.0,,,,,
Coxão Mole,kg,5.0,39.73,198.65,8.51%,174.5,13.84%,-1.82%,Alimentos,9.0,2024.0,,,,,
Pernil,kg,3.0,18.55,55.65,2.39%,60.12,-7.44%,-19.39%,Alimentos,9.0,2024.0,,,,,
Cebola,kg,3.0,3.18,9.54,0.41%,12.48,-23.56%,-57.29%,Alimentos,9.0,2024.0,,,,,
Bisteca,kg,3.0,18.6,55.8,2.39%,52.29,6.71%,-4.37%,Alimentos,9.0,2024.0,,,,,
Filé de Merluza,kg,2.0,41.96,83.92,3.60%,74.78,12.22%,-4.19%,Alimentos,9.0,2024.0,,,,,
Tilapia,kg,2.0,60.09,120.18,5.15%,114.84,4.65%,78.46%,Alimentos,9.0,2024.0,,,,,
Alface,Maço,15.0,3.82,57.3,2.46%,64.8,-11.57%,-4.97%,Alimentos,9.0,2024.0,,,,,
Tomate,kg,10.0,6.61,66.1,2.79%,64.1,3.11%,-33.86%,Alimentos,9.0,2024.0,,,,,
Alho,kg,0.5,26.33,13.17,0.51%,13.42,-1.85%,2.07%,Alimentos,9.0,2024.0,,,,,
Refrigerante,Garrafa 2 litros,4.0,10.38,41.52,1.78%,38.36,8.24%,2.32%,Alimentos,9.0,2024.0,,,,,
Chocolate,Barra 80g,4.0,6.68,26.72,1.15%,24.2,10.41%,4.29%,Alimentos,9.0,2024.0,,,,,
Margarina,pote 500g,2.0,6.56,13.12,0.57%,13.12,0.00%,-7.21%,Alimentos,9.0,2024.0,,,,,
Maçã,kg,12.0,14.74,176.88,7.58%,180.36,-1.93%,-5.02%,Alimentos,9.0,2024.0,,,,,
Achocolatado,Pacote 700g,1.0,15.05,15.05,0.65%,14.83,1.48%,1.75%,Alimentos,9.0,2024.0,,,,,
Feijão Carioca,Pacote 1KG,3.0,6.41,19.23,0.82%,18.45,4.23%,-23.47%,Alimentos,9.0,2024.0,,,,,
Molho de tomate,Pacote 300g,16.0,2.18,34.88,1.49%,40.8,-14.51%,-27.08%,Alimentos,9.0,2024.0,,,,,
Macarrão Tipo 8,Pacote 500g,8.0,3.61,28.88,1.31%,32.48,-11.08%,-12.98%,Alimentos,9.0,2024.0,,,,,
Papel higiênico,fardo com 12,1.0,17.7,17.7,0.76%,19.57,-9.56%,-16.41%,Limpeza e Higiene,9.0,2024.0,,,,,
Pasta dente,90 Gramas,2.0,3.24,6.48,0.28%,6.78,-4.42%,-10.14%,Limpeza e Higiene,9.0,2024.0,,,,,
Detergente,Garrafa 500ml,4.0,2.08,8.32,0.36%,8.64,-3.70%,-13.20%,Limpeza e Higiene,9.0,2024.0,,,,,
Sabonete,Sabonete 80g,4.0,2.64,10.56,0.45%,10.64,-0.75%,-21.41%,Limpeza e Higiene,9.0,2024.0,,,,,
Papel Toalha,fardo c/ 2,4.0,4.71,18.84,0.81%,23.84,-20.97%,-27.35%,Limpeza e Higiene,9.0,2024.0,,,,,
Sabão em Pó,"1,6 kg",1.0,18.11,18.11,0.78%,20.1,-9.90%,-19.58%,Limpeza e Higiene,9.0,2024.0,,,,,
Shampoo,400ML,2.0,24.98,49.96,2.14%,50.12,-0.32%,4.44%,Limpeza e Higiene,9.0,2024.0,,,,,
Álcool,Garrafa 1 litro,2.0,7.6,15.2,0.65%,16.24,-6.40%,-28.33%,Limpeza e Higiene,9.0,2024.0,,,,,
Arroz,Fardo 5Kg,2.0,23.12,46.24,1.86%,49.84,-7.22%,-37.32%,Alimentos,9.0,2025.0,,,,,
Feijão Preto,Pacote 1KG,3.0,4.88,14.64,0.59%,15.3,-4.31%,-51.88%,Alimentos,9.0,2025.0,,,,,
Açucar,Pacote 1KG,4.0,4.19,16.76,0.68%,17.96,-6.68%,-16.58%,Alimentos,9.0,2025.0,,,,,
Sal,Pacote 1KG,1.0,2.71,2.71,0.11%,2.87,-5.57%,-4.33%,Alimentos,9.0,2025.0,,,,,
Café,Pacote 500g,3.0,32.71,98.13,3.96%,99.6,-1.48%,82.73%,Alimentos,9.0,2025.0,,,,,
Leite,Caixa 1 litro,36.0,4.78,172.08,6.94%,174.96,-1.65%,-0.10%,Alimentos,9.0,2025.0,,,,,
Pão de Forma,Pacote 500g,10.0,7.61,76.1,3.07%,73.6,3.40%,-5.00%,Alimentos,9.0,2025.0,,,,,
Óleo,Garrafa 900ml,2.0,7.94,15.88,0.64%,15.0,5.87%,11.74%,Alimentos,9.0,2025.0,,,,,
Ovo,Caixa c/ 20,3.0,13.56,40.68,1.64%,38.79,4.87%,-7.60%,Alimentos,9.0,2025.0,,,,,
Batata,kg,5.0,2.66,13.3,0.54%,12.6,5.56%,-76.07%,Alimentos,9.0,2025.0,,,,,
Laranja,kg,3.0,4.66,13.98,0.56%,12.99,7.62%,-18.77%,Alimentos,9.0,2025.0,,,,,
Limão,kg,3.0,7.24,21.72,0.88%,18.72,16.03%,9.60%,Alimentos,9.0,2025.0,,,,,
Banana,kg,12.0,10.43,125.16,5.05%,131.16,-4.57%,-17.64%,Alimentos,9.0,2025.0,,,,,
Peito de Frango,kg,6.5,23.66,153.79,6.20%,150.54,2.16%,10.62%,Alimentos,9.0,2025.0,,,,,
Coxa de Frango,kg,6.5,15.41,100.17,4.04%,99.97,0.20%,43.38%,Alimentos,9.0,2025.0,,,,,
Alcatra,kg,5.0,54.8,274.0,11.05%,295.5,-7.28%,23.67%,Alimentos,9.0,2025.0,,,,,
Coxão Mole,kg,5.0,52.06,260.3,10.50%,251.8,3.38%,21.03%,Alimentos,9.0,2025.0,,,,,
Pernil,kg,3.0,22.1,66.3,2.67%,77.79,-14.77%,-9.64%,Alimentos,9.0,2025.0,,,,,
Cebola,kg,3.0,2.12,6.36,0.26%,6.84,-7.02%,-73.22%,Alimentos,9.0,2025.0,,,,,
Bisteca,kg,3.0,23.34,70.02,2.82%,58.68,19.33%,12.89%,Alimentos,9.0,2025.0,,,,,
Filé de Merluza,kg,2.0,45.69,91.38,3.68%,90.36,1.13%,-1.85%,Alimentos,9.0,2025.0,,,,,
Tilápia,kg,2.0,61.02,122.04,4.92%,119.4,2.21%,70.50%,Alimentos,9.0,2025.0,,,,,
Alface,Maço,15.0,2.84,42.6,1.72%,44.85,-5.02%,-33.53%,Alimentos,9.0,2025.0,,,,,
Tomate,kg,10.0,8.59,85.9,3.46%,79.2,8.46%,-17.89%,Alimentos,9.0,2025.0,,,,,
Alho,kg,0.5,20.9,10.45,0.42%,11.14,-6.15%,-15.78%,Alimentos,9.0,2025.0,,,,,
Refrigerante,Garrafa 2 litros,4.0,10.66,42.64,1.72%,41.0,4.00%,-1.14%,Alimentos,9.0,2025.0,,,,,
Chocolate,Barra 80g,4.0,8.19,32.76,1.32%,30.04,9.05%,20.30%,Alimentos,9.0,2025.0,,,,,
Margarina,pote 500g,2.0,8.29,16.58,0.67%,16.26,1.97%,8.66%,Alimentos,9.0,2025.0,,,,,
Maçã,kg,12.0,12.8,153.6,6.19%,129.12,18.96%,-22.41%,Alimentos,9.0,2025.0,,,,,
Achocolatado,Pacote 700g,1.0,17.38,17.38,0.70%,17.86,-2.69%,10.54%,Alimentos,9.0,2025.0,,,,,
Feijão Carioca,Pacote 1KG,3.0,5.94,17.82,0.72%,17.76,0.34%,-33.28%,Alimentos,9.0,2025.0,,,,,
Molho de Tomate,Pacote 300g,16.0,2.91,46.56,1.88%,41.76,11.49%,-8.43%,Alimentos,9.0,2025.0,,,,,
Macarrão Tipo 8,Pacote 500g,8.0,3.95,31.6,1.27%,33.12,-4.59%,-15.12%,Alimentos,9.0,2025.0,,,,,
Papel Higiênico,Fardo com 12,1.0,21.39,21.39,0.86%,23.2,-7.80%,-4.96%,Limpeza e Higiene,9.0,2025.0,,,,,
Pasta de dente,90 Gramas,2.0,4.27,8.54,0.34%,8.1,5.43%,11.42%,Limpeza e Higiene,9.0,2025.0,,,,,
Detergente,Garrafa 500ml,4.0,2.37,9.48,0.38%,9.16,3.49%,-6.95%,Limpeza e Higiene,9.0,2025.0,,,,,
Sabonete,Sabonete 80g,4.0,3.35,13.4,0.54%,12.52,7.03%,-6.18%,Limpeza e Higiene,9.0,2025.0,,,,,
Papel Toalha,Fardo c/ 2,4.0,6.31,25.24,1.02%,30.28,-16.64%,-8.44%,Limpeza e Higiene,9.0,2025.0,,,,,
Sabão em Pó,"1,6kg",1.0,23.21,23.21,0.94%,23.17,0.17%,-3.03%,Limpeza e Higiene,9.0,2025.0,,,,,
Shampoo,400ML,2.0,31.16,62.32,2.51%,55.84,11.60%,22.57%,Limpeza e Higiene,9.0,2025.0,,,,,
Álcool,Garrafa 1 litro,2.0,8.43,16.86,0.68%,16.44,2.55%,-25.21%,Limpeza e Higiene,9.0,2025.0,,,,,
